"group","output_path","atlas_path","atlas_region_resource","x","y","width","height","sha256","provenance"
"board_tiles","art/production/ui/runtime_atlas_sources/2026-08-20/board_tiles/block_blue.png","assets/runtime/ui/components/board_tiles/atlases/block_tiles_sheet.png","assets/runtime/ui/components/board_tiles/atlas_regions/block_blue.tres","316","4","304","304","2ea7c656ebe85b9c38ca1061896d698e37699a811e75ba4b0de77b6ca1891af3","lossless_crop_from_current_runtime_atlas"
"board_tiles","art/production/ui/runtime_atlas_sources/2026-08-20/board_tiles/block_green.png","assets/runtime/ui/components/board_tiles/atlases/block_tiles_sheet.png","assets/runtime/ui/components/board_tiles/atlas_regions/block_green.tres","4","4","304","304","9af27513e28311f9d4888c5cb93baffb7e04ca93a2db90171aded7bb24c29416","lossless_crop_from_current_runtime_atlas"
"board_tiles","art/production/ui/runtime_atlas_sources/2026-08-20/board_tiles/block_purple.png","assets/runtime/ui/components/board_tiles/atlases/block_tiles_sheet.png","assets/runtime/ui/components/board_tiles/atlas_regions/block_purple.tres","940","4","304","304","1487007a09cbb830ca3299b4404add56d56f051ef33d9005eea693bd8a2759eb","lossless_crop_from_current_runtime_atlas"
"board_tiles","art/production/ui/runtime_atlas_sources/2026-08-20/board_tiles/block_red.png","assets/runtime/ui/components/board_tiles/atlases/block_tiles_sheet.png","assets/runtime/ui/components/board_tiles/atlas_regions/block_red.tres","1252","4","304","304","73b459baa980f9f056b2f8e5fadfdad3cdf08bb0e83b659fb3433e63ed5131ce","lossless_crop_from_current_runtime_atlas"
"board_tiles","art/production/ui/runtime_atlas_sources/2026-08-20/board_tiles/block_yellow.png","assets/runtime/ui/components/board_tiles/atlases/block_tiles_sheet.png","assets/runtime/ui/components/board_tiles/atlas_regions/block_yellow.tres","628","4","304","304","cfdda6cdeb3a7b085af67c7c20c200c821263cd6bc8b353f6aa8f7f65bb6409c","lossless_crop_from_current_runtime_atlas"
"board_glyphs","art/production/ui/runtime_atlas_sources/2026-08-20/board_glyphs/letter_a.png","assets/runtime/ui/components/board_glyphs/atlases/block_glyphs_sheet.png","assets/runtime/ui/components/board_glyphs/atlas_regions/letter_a.tres","804","172","113","134","6dee0199596cca5209a56efb0f1b80401a053fe22aa450b36c98ee94c11fad1b","lossless_crop_from_current_runtime_atlas"
"board_glyphs","art/production/ui/runtime_atlas_sources/2026-08-20/board_glyphs/letter_b.png","assets/runtime/ui/components/board_glyphs/atlases/block_glyphs_sheet.png","assets/runtime/ui/components/board_glyphs/atlas_regions/letter_b.tres","1004","172","104","138","b52442ba5fe0b74185f22c97c2e4743a79e04c7048c2014350f9b3f8218c939e","lossless_crop_from_current_runtime_atlas"
"board_glyphs","art/production/ui/runtime_atlas_sources/2026-08-20/board_glyphs/letter_c.png","assets/runtime/ui/components/board_glyphs/atlases/block_glyphs_sheet.png","assets/runtime/ui/components/board_glyphs/atlas_regions/letter_c.tres","4","340","101","137","650a8f3935f1cd62e7b3dc735e03212be09218ef92d21bc9a93c0b48702948c9","lossless_crop_from_current_runtime_atlas"
"board_glyphs","art/production/ui/runtime_atlas_sources/2026-08-20/board_glyphs/letter_d.png","assets/runtime/ui/components/board_glyphs/atlases/block_glyphs_sheet.png","assets/runtime/ui/components/board_glyphs/atlas_regions/letter_d.tres","204","340","107","137","5dace930777c061b8e58c8c4224f95179b4fe91bd33e9d6501353a589c680676","lossless_crop_from_current_runtime_atlas"
"board_glyphs","art/production/ui/runtime_atlas_sources/2026-08-20/board_glyphs/letter_e.png","assets/runtime/ui/components/board_glyphs/atlases/block_glyphs_sheet.png","assets/runtime/ui/components/board_glyphs/atlas_regions/letter_e.tres","404","340","89","135","9fb0a40c6714e74dc32f7f20b3d3e464203dfa6ab484a3fb834000b880af48d3","lossless_crop_from_current_runtime_atlas"
"board_glyphs","art/production/ui/runtime_atlas_sources/2026-08-20/board_glyphs/letter_f.png","assets/runtime/ui/components/board_glyphs/atlases/block_glyphs_sheet.png","assets/runtime/ui/components/board_glyphs/atlas_regions/letter_f.tres","604","340","89","135","1a969d78dc44d69582b24500e5d16ae8cdb7284624d32b91a64c68383e1c9b22","lossless_crop_from_current_runtime_atlas"
"board_glyphs","art/production/ui/runtime_atlas_sources/2026-08-20/board_glyphs/letter_g.png","assets/runtime/ui/components/board_glyphs/atlases/block_glyphs_sheet.png","assets/runtime/ui/components/board_glyphs/atlas_regions/letter_g.tres","804","340","107","137","ed8389bcbcf6a45e4b5a9e66e26a0b6d2be0e29c80e84a32e31dcf7fe2a5164a","lossless_crop_from_current_runtime_atlas"
"board_glyphs","art/production/ui/runtime_atlas_sources/2026-08-20/board_glyphs/letter_h.png","assets/runtime/ui/components/board_glyphs/atlases/block_glyphs_sheet.png","assets/runtime/ui/components/board_glyphs/atlas_regions/letter_h.tres","1004","340","105","134","e0d11d66a9e72eaee3ad7ae7f9dc7fb8844f25f79954696e4c0f702e4fe31537","lossless_crop_from_current_runtime_atlas"
"board_glyphs","art/production/ui/runtime_atlas_sources/2026-08-20/board_glyphs/letter_i.png","assets/runtime/ui/components/board_glyphs/atlases/block_glyphs_sheet.png","assets/runtime/ui/components/board_glyphs/atlas_regions/letter_i.tres","4","508","54","133","4cafb2f0d1b25561b02a83bed09b98d4b000138abd7414c88391d1d4700b26b4","lossless_crop_from_current_runtime_atlas"
"board_glyphs","art/production/ui/runtime_atlas_sources/2026-08-20/board_glyphs/letter_j.png","assets/runtime/ui/components/board_glyphs/atlases/block_glyphs_sheet.png","assets/runtime/ui/components/board_glyphs/atlas_regions/letter_j.tres","204","508","89","135","4ccf6fac2c2099532cec475fc715174c61df68d0c0df5a5e00fe875907904bab","lossless_crop_from_current_runtime_atlas"
"board_glyphs","art/production/ui/runtime_atlas_sources/2026-08-20/board_glyphs/letter_k.png","assets/runtime/ui/components/board_glyphs/atlases/block_glyphs_sheet.png","assets/runtime/ui/components/board_glyphs/atlas_regions/letter_k.tres","404","508","102","135","093252fbca67b4444edd6a44bad512f3c7efd1994d56b335e96df37c33e911b0","lossless_crop_from_current_runtime_atlas"
"board_glyphs","art/production/ui/runtime_atlas_sources/2026-08-20/board_glyphs/letter_l.png","assets/runtime/ui/components/board_glyphs/atlases/block_glyphs_sheet.png","assets/runtime/ui/components/board_glyphs/atlas_regions/letter_l.tres","604","508","85","134","0aa07c80004c5d448c9fdc2aba71248bc0dfd3637c297d1a6d650c6377583b50","lossless_crop_from_current_runtime_atlas"
"board_glyphs","art/production/ui/runtime_atlas_sources/2026-08-20/board_glyphs/letter_m.png","assets/runtime/ui/components/board_glyphs/atlases/block_glyphs_sheet.png","assets/runtime/ui/components/board_glyphs/atlas_regions/letter_m.tres","804","508","112","133","e5a1dc90636ecc4baf4108e4267f0b9ba12aa0b0995b21d0938b5726bdf61cf9","lossless_crop_from_current_runtime_atlas"
"board_glyphs","art/production/ui/runtime_atlas_sources/2026-08-20/board_glyphs/letter_n.png","assets/runtime/ui/components/board_glyphs/atlases/block_glyphs_sheet.png","assets/runtime/ui/components/board_glyphs/atlas_regions/letter_n.tres","1004","508","104","130","3ebf0200ccfd8c2f9d6cfd6a2682731d51c2dff32d41459b93308e5b209044d6","lossless_crop_from_current_runtime_atlas"
"board_glyphs","art/production/ui/runtime_atlas_sources/2026-08-20/board_glyphs/letter_o.png","assets/runtime/ui/components/board_glyphs/atlases/block_glyphs_sheet.png","assets/runtime/ui/components/board_glyphs/atlas_regions/letter_o.tres","4","676","114","132","63fb277570e1e064a54ec53ef8f880e63e0fd8ecdfebe24b6ce9053786bd7289","lossless_crop_from_current_runtime_atlas"
"board_glyphs","art/production/ui/runtime_atlas_sources/2026-08-20/board_glyphs/letter_p.png","assets/runtime/ui/components/board_glyphs/atlases/block_glyphs_sheet.png","assets/runtime/ui/components/board_glyphs/atlas_regions/letter_p.tres","204","676","95","132","063edb83ef81a62539c9cecc7d44b4b54ab95f390102a069790ff12f623c584c","lossless_crop_from_current_runtime_atlas"
"board_glyphs","art/production/ui/runtime_atlas_sources/2026-08-20/board_glyphs/letter_q.png","assets/runtime/ui/components/board_glyphs/atlases/block_glyphs_sheet.png","assets/runtime/ui/components/board_glyphs/atlas_regions/letter_q.tres","404","676","115","135","fb4e9d935fdb3e7ef681384725547485d2a0fb76b5d58643f9442e2bd836da31","lossless_crop_from_current_runtime_atlas"
"board_glyphs","art/production/ui/runtime_atlas_sources/2026-08-20/board_glyphs/letter_r.png","assets/runtime/ui/components/board_glyphs/atlases/block_glyphs_sheet.png","assets/runtime/ui/components/board_glyphs/atlas_regions/letter_r.tres","604","676","98","133","ab816e9b00a080a9412d40d281abc2f2472d133bcffb997db7eb534182e9c446","lossless_crop_from_current_runtime_atlas"
"board_glyphs","art/production/ui/runtime_atlas_sources/2026-08-20/board_glyphs/letter_s.png","assets/runtime/ui/components/board_glyphs/atlases/block_glyphs_sheet.png","assets/runtime/ui/components/board_glyphs/atlas_regions/letter_s.tres","804","676","92","134","44dc7d1c8542d45a4e327e31e46bed7ec1a7893adfcefb5371dbeb0328b36007","lossless_crop_from_current_runtime_atlas"
"board_glyphs","art/production/ui/runtime_atlas_sources/2026-08-20/board_glyphs/letter_t.png","assets/runtime/ui/components/board_glyphs/atlases/block_glyphs_sheet.png","assets/runtime/ui/components/board_glyphs/atlas_regions/letter_t.tres","1004","676","99","131","0f4bc281b64c0751f855dae72dc81e011022bbe2bb2744f87021f223bb98195c","lossless_crop_from_current_runtime_atlas"
"board_glyphs","art/production/ui/runtime_atlas_sources/2026-08-20/board_glyphs/letter_u.png","assets/runtime/ui/components/board_glyphs/atlases/block_glyphs_sheet.png","assets/runtime/ui/components/board_glyphs/atlas_regions/letter_u.tres","4","844","101","130","8572e4f7f4cb0b7170604cc33331b414c46b0d35ad47664ff63eab87a1b04b9e","lossless_crop_from_current_runtime_atlas"
"board_glyphs","art/production/ui/runtime_atlas_sources/2026-08-20/board_glyphs/letter_v.png","assets/runtime/ui/components/board_glyphs/atlases/block_glyphs_sheet.png","assets/runtime/ui/components/board_glyphs/atlas_regions/letter_v.tres","204","844","105","130","a10425b46305abdabe76f4f1bafb656dc5d11abdf7f477d710dff37acc79c7d0","lossless_crop_from_current_runtime_atlas"
"board_glyphs","art/production/ui/runtime_atlas_sources/2026-08-20/board_glyphs/letter_w.png","assets/runtime/ui/components/board_glyphs/atlases/block_glyphs_sheet.png","assets/runtime/ui/components/board_glyphs/atlas_regions/letter_w.tres","404","844","131","130","4c4dd517e401235bc356bb755bd74555f2e616b5fe2336353de040f8ab92839c","lossless_crop_from_current_runtime_atlas"
"board_glyphs","art/production/ui/runtime_atlas_sources/2026-08-20/board_glyphs/letter_x.png","assets/runtime/ui/components/board_glyphs/atlases/block_glyphs_sheet.png","assets/runtime/ui/components/board_glyphs/atlas_regions/letter_x.tres","604","844","104","132","e891f36e01cee06813623d97d04da5b870e7dbcd9c30b0e12e82ea10a3128725","lossless_crop_from_current_runtime_atlas"
"board_glyphs","art/production/ui/runtime_atlas_sources/2026-08-20/board_glyphs/letter_y.png","assets/runtime/ui/components/board_glyphs/atlases/block_glyphs_sheet.png","assets/runtime/ui/components/board_glyphs/atlas_regions/letter_y.tres","804","844","107","132","026d9ca25baabd24972888b1a8596e8bcf31ffe59fb36feac08f2991de8e0ad0","lossless_crop_from_current_runtime_atlas"
"board_glyphs","art/production/ui/runtime_atlas_sources/2026-08-20/board_glyphs/letter_z.png","assets/runtime/ui/components/board_glyphs/atlases/block_glyphs_sheet.png","assets/runtime/ui/components/board_glyphs/atlas_regions/letter_z.tres","1004","844","89","131","4460a0dd4aa92dd99e044b0fd4ba4cb284150c7763c86529332a35d7f365ecc1","lossless_crop_from_current_runtime_atlas"
"board_glyphs","art/production/ui/runtime_atlas_sources/2026-08-20/board_glyphs/number_1.png","assets/runtime/ui/components/board_glyphs/atlases/block_glyphs_sheet.png","assets/runtime/ui/components/board_glyphs/atlas_regions/number_1.tres","4","4","68","118","ca7c3667515931e21729fb4038f3626a402c94e2cb1677020bb2dfcf6df2bf89","lossless_crop_from_current_runtime_atlas"
"board_glyphs","art/production/ui/runtime_atlas_sources/2026-08-20/board_glyphs/number_10.png","assets/runtime/ui/components/board_glyphs/atlases/block_glyphs_sheet.png","assets/runtime/ui/components/board_glyphs/atlas_regions/number_10.tres","604","172","158","120","98b7dc6543f7c9c5f3ac118b0e31471833532973e47deaaf17ae9c56fca55091","lossless_crop_from_current_runtime_atlas"
"board_glyphs","art/production/ui/runtime_atlas_sources/2026-08-20/board_glyphs/number_2.png","assets/runtime/ui/components/board_glyphs/atlases/block_glyphs_sheet.png","assets/runtime/ui/components/board_glyphs/atlas_regions/number_2.tres","204","4","86","120","5ac8abce8fc55ebe3260bb3b4d3c74da22900daf7a285d76dc15fdb60d187a31","lossless_crop_from_current_runtime_atlas"
"board_glyphs","art/production/ui/runtime_atlas_sources/2026-08-20/board_glyphs/number_3.png","assets/runtime/ui/components/board_glyphs/atlases/block_glyphs_sheet.png","assets/runtime/ui/components/board_glyphs/atlas_regions/number_3.tres","404","4","85","120","573929b7184a12da53d9e2908053c6fae4b627dee52011937e0f80990a2f0c93","lossless_crop_from_current_runtime_atlas"
"board_glyphs","art/production/ui/runtime_atlas_sources/2026-08-20/board_glyphs/number_4.png","assets/runtime/ui/components/board_glyphs/atlases/block_glyphs_sheet.png","assets/runtime/ui/components/board_glyphs/atlas_regions/number_4.tres","604","4","98","118","fafebff475c5aa4b2ad7925d63a4d4ae3a6f6ed9b55b7aab30e0a8621764bc5c","lossless_crop_from_current_runtime_atlas"
"board_glyphs","art/production/ui/runtime_atlas_sources/2026-08-20/board_glyphs/number_5.png","assets/runtime/ui/components/board_glyphs/atlases/block_glyphs_sheet.png","assets/runtime/ui/components/board_glyphs/atlas_regions/number_5.tres","804","4","88","120","7c7fbce93aab7f3301aecb357eb94834c75c25d8f83cab79abcd0c414b91bcc2","lossless_crop_from_current_runtime_atlas"
"board_glyphs","art/production/ui/runtime_atlas_sources/2026-08-20/board_glyphs/number_6.png","assets/runtime/ui/components/board_glyphs/atlases/block_glyphs_sheet.png","assets/runtime/ui/components/board_glyphs/atlas_regions/number_6.tres","1004","4","96","122","ba04eba303fd9c32112d93785196a969dedbe709d38c068a76ee0b05143bd12d","lossless_crop_from_current_runtime_atlas"
"board_glyphs","art/production/ui/runtime_atlas_sources/2026-08-20/board_glyphs/number_7.png","assets/runtime/ui/components/board_glyphs/atlases/block_glyphs_sheet.png","assets/runtime/ui/components/board_glyphs/atlas_regions/number_7.tres","4","172","90","118","b68461486aa16317020f746ace9ffbec80d918a4a08485b081fcc854849d2b7f","lossless_crop_from_current_runtime_atlas"
"board_glyphs","art/production/ui/runtime_atlas_sources/2026-08-20/board_glyphs/number_8.png","assets/runtime/ui/components/board_glyphs/atlases/block_glyphs_sheet.png","assets/runtime/ui/components/board_glyphs/atlas_regions/number_8.tres","204","172","94","123","1f19aee5ae0df547e7939de359072df6771511ec87c2cbe5e48098ab0dbd60a4","lossless_crop_from_current_runtime_atlas"
"board_glyphs","art/production/ui/runtime_atlas_sources/2026-08-20/board_glyphs/number_9.png","assets/runtime/ui/components/board_glyphs/atlases/block_glyphs_sheet.png","assets/runtime/ui/components/board_glyphs/atlas_regions/number_9.tres","404","172","97","124","b76c499d927356f8c44cd82fb8564cd685b470bc488a6e104b28a88a14c32c8e","lossless_crop_from_current_runtime_atlas"
"card_icons","art/production/ui/runtime_atlas_sources/2026-08-20/card_icons/ascension_hammer.png","assets/runtime/ui/components/card_icons/atlases/card_icons_sheet.png","assets/runtime/ui/components/card_icons/atlas_regions/ascension_hammer.tres","4","1180","384","384","5353709c951d3587ec8383b649abf27f71b3b2ff5e7eb2ef0c42d72767bcd872","lossless_crop_from_current_runtime_atlas"
"card_icons","art/production/ui/runtime_atlas_sources/2026-08-20/card_icons/castle_cannon.png","assets/runtime/ui/components/card_icons/atlases/card_icons_sheet.png","assets/runtime/ui/components/card_icons/atlas_regions/castle_cannon.tres","4","4","384","384","b9c60688bbdc56cff6e35888acfe96e43b6ee7969640b6a00d740cc238981e12","lossless_crop_from_current_runtime_atlas"
"card_icons","art/production/ui/runtime_atlas_sources/2026-08-20/card_icons/dragon_catapult.png","assets/runtime/ui/components/card_icons/atlases/card_icons_sheet.png","assets/runtime/ui/components/card_icons/atlas_regions/dragon_catapult.tres","396","4","384","384","e60a7273500ae0b06cb9c5e01a27cc74c489f3026d134ba4634a576408ec46c4","lossless_crop_from_current_runtime_atlas"
"card_icons","art/production/ui/runtime_atlas_sources/2026-08-20/card_icons/fate_shuffler.png","assets/runtime/ui/components/card_icons/atlases/card_icons_sheet.png","assets/runtime/ui/components/card_icons/atlas_regions/fate_shuffler.tres","396","1180","384","384","c5a03bb489cafef8736e97416be3862e2afc5b376d6c738ffb67daab07159293","lossless_crop_from_current_runtime_atlas"
"card_icons","art/production/ui/runtime_atlas_sources/2026-08-20/card_icons/fire_conduit.png","assets/runtime/ui/components/card_icons/atlases/card_icons_sheet.png","assets/runtime/ui/components/card_icons/atlas_regions/fire_conduit.tres","788","4","384","384","87e6a8919ed299f333ac04f48fc32f19440908ed1ec9cb7fb3b714991dd58091","lossless_crop_from_current_runtime_atlas"
"card_icons","art/production/ui/runtime_atlas_sources/2026-08-20/card_icons/frost_bell.png","assets/runtime/ui/components/card_icons/atlases/card_icons_sheet.png","assets/runtime/ui/components/card_icons/atlas_regions/frost_bell.tres","1180","4","384","384","8ab6892c4375a47573e0fdf73813f5df0317baa4bcfb659917a7b0827d102213","lossless_crop_from_current_runtime_atlas"
"card_icons","art/production/ui/runtime_atlas_sources/2026-08-20/card_icons/frost_prism.png","assets/runtime/ui/components/card_icons/atlases/card_icons_sheet.png","assets/runtime/ui/components/card_icons/atlas_regions/frost_prism.tres","4","396","384","384","fb120f842f44656f5d26cd76390f2eed8fb1edd59d002f89838a366cd4897b17","lossless_crop_from_current_runtime_atlas"
"card_icons","art/production/ui/runtime_atlas_sources/2026-08-20/card_icons/piercing_cannon.png","assets/runtime/ui/components/card_icons/atlases/card_icons_sheet.png","assets/runtime/ui/components/card_icons/atlas_regions/piercing_cannon.tres","396","396","384","384","acd4abc8b51e593f998251591814b2c3cf59c08968201cd35076ea18fa8feda9","lossless_crop_from_current_runtime_atlas"
"card_icons","art/production/ui/runtime_atlas_sources/2026-08-20/card_icons/poison_tank.png","assets/runtime/ui/components/card_icons/atlases/card_icons_sheet.png","assets/runtime/ui/components/card_icons/atlas_regions/poison_tank.tres","788","396","384","384","bfc4a0f42e0648cea5eb8911e898c61094119250661f35e3341082b213bfacd6","lossless_crop_from_current_runtime_atlas"
"card_icons","art/production/ui/runtime_atlas_sources/2026-08-20/card_icons/rapid_clockwork.png","assets/runtime/ui/components/card_icons/atlases/card_icons_sheet.png","assets/runtime/ui/components/card_icons/atlas_regions/rapid_clockwork.tres","1180","396","384","384","3477cd3123f94c601ffdfefac2c2e1499bfccbea8300539d4c504705bd29fcce","lossless_crop_from_current_runtime_atlas"
"card_icons","art/production/ui/runtime_atlas_sources/2026-08-20/card_icons/star_boiler.png","assets/runtime/ui/components/card_icons/atlases/card_icons_sheet.png","assets/runtime/ui/components/card_icons/atlas_regions/star_boiler.tres","4","788","384","384","28eec2f867f4b548336b0cca7999d602cd0a7b0fb099befb43c16f757e74e2a5","lossless_crop_from_current_runtime_atlas"
"card_icons","art/production/ui/runtime_atlas_sources/2026-08-20/card_icons/thunder_ballista.png","assets/runtime/ui/components/card_icons/atlases/card_icons_sheet.png","assets/runtime/ui/components/card_icons/atlas_regions/thunder_ballista.tres","396","788","384","384","5680fec4bd0894ff34b701cab56f6d1e91e188961a8e4ab7d26aa83513ea57be","lossless_crop_from_current_runtime_atlas"
"card_icons","art/production/ui/runtime_atlas_sources/2026-08-20/card_icons/thunder_spire.png","assets/runtime/ui/components/card_icons/atlases/card_icons_sheet.png","assets/runtime/ui/components/card_icons/atlas_regions/thunder_spire.tres","788","788","384","384","c3942d59c8da9e2d7901dac9f656a35e960b6b0de152790d021dd32dada87ac7","lossless_crop_from_current_runtime_atlas"
"card_icons","art/production/ui/runtime_atlas_sources/2026-08-20/card_icons/twin_lens.png","assets/runtime/ui/components/card_icons/atlases/card_icons_sheet.png","assets/runtime/ui/components/card_icons/atlas_regions/twin_lens.tres","1180","788","384","384","66aba703a1651fe279f35db8ec4391d76c9611b917354c4b36ab638133dd0b87","lossless_crop_from_current_runtime_atlas"
"card_icons","art/production/ui/runtime_atlas_sources/2026-08-20/card_icons/twin_mold.png","assets/runtime/ui/components/card_icons/atlases/card_icons_sheet.png","assets/runtime/ui/components/card_icons/atlas_regions/twin_mold.tres","788","1180","384","384","d0adb35cde7381b36c3fcf6aa981a02c6b2040533e973e0d6e752dec921ef149","lossless_crop_from_current_runtime_atlas"
"card_icons","art/production/ui/runtime_atlas_sources/2026-08-20/card_icons/unity_dial.png","assets/runtime/ui/components/card_icons/atlases/card_icons_sheet.png","assets/runtime/ui/components/card_icons/atlas_regions/unity_dial.tres","1180","1180","384","384","a6d1a2ced6c2a9758126af8ef1a75a4d754945d65d547f2160fb78726c3438d5","lossless_crop_from_current_runtime_atlas"
"meta_icons","art/production/ui/runtime_atlas_sources/2026-08-20/meta_icons/lobby_badge_alert_v01.png","assets/runtime/ui/shared/meta_icons/atlases/lobby_icons_sheet.png","assets/runtime/ui/shared/meta_icons/atlas_regions/lobby_badge_alert_v01.tres","4","4","288","288","1a190fb2f70d4ce995851826180ea26e35f4b65f4400009f69f39640a10f5336","lossless_crop_from_current_runtime_atlas"
"meta_icons","art/production/ui/runtime_atlas_sources/2026-08-20/meta_icons/lobby_icon_ad_tv_v01.png","assets/runtime/ui/shared/meta_icons/atlases/lobby_icons_sheet.png","assets/runtime/ui/shared/meta_icons/atlas_regions/lobby_icon_ad_tv_v01.tres","300","4","288","288","80c77bf651acf5a0fd9f810587c57307e327615199a466c86306d067162c5357","lossless_crop_from_current_runtime_atlas"
"meta_icons","art/production/ui/runtime_atlas_sources/2026-08-20/meta_icons/lobby_icon_battle_crystal_v01.png","assets/runtime/ui/shared/meta_icons/atlases/lobby_icons_sheet.png","assets/runtime/ui/shared/meta_icons/atlas_regions/lobby_icon_battle_crystal_v01.tres","596","4","288","288","b8f2a10b98ce49be3b4338778b7df8e66a971395b82c2f8f62474b3e34781d52","lossless_crop_from_current_runtime_atlas"
"meta_icons","art/production/ui/runtime_atlas_sources/2026-08-20/meta_icons/lobby_icon_currency_coin_v01.png","assets/runtime/ui/shared/meta_icons/atlases/lobby_icons_sheet.png","assets/runtime/ui/shared/meta_icons/atlas_regions/lobby_icon_currency_coin_v01.tres","892","4","288","288","ec6f754e6a4805a603d71bd942e9f3381f5e3d346b6adfe5ec7fb120fe0c1cf8","lossless_crop_from_current_runtime_atlas"
"meta_icons","art/production/ui/runtime_atlas_sources/2026-08-20/meta_icons/lobby_icon_currency_diamond_v01.png","assets/runtime/ui/shared/meta_icons/atlases/lobby_icons_sheet.png","assets/runtime/ui/shared/meta_icons/atlas_regions/lobby_icon_currency_diamond_v01.tres","4","300","288","288","a839c0d797d4b919861ecc50d8e3522c15b810a17091b1d1192526c0f8aa0934","lossless_crop_from_current_runtime_atlas"
"meta_icons","art/production/ui/runtime_atlas_sources/2026-08-20/meta_icons/lobby_icon_double_coin_x2_v01.png","assets/runtime/ui/shared/meta_icons/atlases/lobby_icons_sheet.png","assets/runtime/ui/shared/meta_icons/atlas_regions/lobby_icon_double_coin_x2_v01.tres","300","300","288","288","4785ffe0cd4556b593c88550ddc4cbec1ac64da7f52ec0ffeb5234082e287d4b","lossless_crop_from_current_runtime_atlas"
"meta_icons","art/production/ui/runtime_atlas_sources/2026-08-20/meta_icons/lobby_icon_first_purchase_gift_v02.png","assets/runtime/ui/shared/meta_icons/atlases/lobby_icons_sheet.png","assets/runtime/ui/shared/meta_icons/atlas_regions/lobby_icon_first_purchase_gift_v02.tres","596","300","288","288","b8019b936e3af9924fbe1f9b55157609c6e803af1295a79821c5eb0e8f0ffb3c","lossless_crop_from_current_runtime_atlas"
"meta_icons","art/production/ui/runtime_atlas_sources/2026-08-20/meta_icons/lobby_icon_locked_v01.png","assets/runtime/ui/shared/meta_icons/atlases/lobby_icons_sheet.png","assets/runtime/ui/shared/meta_icons/atlas_regions/lobby_icon_locked_v01.tres","892","300","288","288","11205cdd45d1481e999e036255cb24e4ec93aafa7895f63f9ffcc351bdfb2580","lossless_crop_from_current_runtime_atlas"
"meta_icons","art/production/ui/runtime_atlas_sources/2026-08-20/meta_icons/lobby_icon_piggy_bank_v02.png","assets/runtime/ui/shared/meta_icons/atlases/lobby_icons_sheet.png","assets/runtime/ui/shared/meta_icons/atlas_regions/lobby_icon_piggy_bank_v02.tres","4","596","288","288","1cfbd260af8ba476cf59cbacfab9ea92c1f5d755e5f0b9715b546150dea5acb6","lossless_crop_from_current_runtime_atlas"
"meta_icons","art/production/ui/runtime_atlas_sources/2026-08-20/meta_icons/lobby_icon_plus_v01.png","assets/runtime/ui/shared/meta_icons/atlases/lobby_icons_sheet.png","assets/runtime/ui/shared/meta_icons/atlas_regions/lobby_icon_plus_v01.tres","300","596","288","288","71011d6edc0fd948950d8f0ec2d8047c51eb5f854c42065c174411d637b4786e","lossless_crop_from_current_runtime_atlas"
"meta_icons","art/production/ui/runtime_atlas_sources/2026-08-20/meta_icons/lobby_icon_reward_star_wand_v01.png","assets/runtime/ui/shared/meta_icons/atlases/lobby_icons_sheet.png","assets/runtime/ui/shared/meta_icons/atlas_regions/lobby_icon_reward_star_wand_v01.tres","596","596","288","288","d4ffdacd1687ae377ab111af0a112e432c082105c07c553717759a7c902290e4","lossless_crop_from_current_runtime_atlas"
"meta_icons","art/production/ui/runtime_atlas_sources/2026-08-20/meta_icons/lobby_icon_settings_gear_v01.png","assets/runtime/ui/shared/meta_icons/atlases/lobby_icons_sheet.png","assets/runtime/ui/shared/meta_icons/atlas_regions/lobby_icon_settings_gear_v01.tres","892","596","288","288","8d1229f179a71939b73ce80914e9d42c98094c0b0255acdcd9a0c7c60c9098b6","lossless_crop_from_current_runtime_atlas"
"meta_icons","art/production/ui/runtime_atlas_sources/2026-08-20/meta_icons/lobby_icon_shop_v01.png","assets/runtime/ui/shared/meta_icons/atlases/lobby_icons_sheet.png","assets/runtime/ui/shared/meta_icons/atlas_regions/lobby_icon_shop_v01.tres","4","892","288","288","62b3a47fdc732dae80ae437f173772b5d7819894bc8dae3e52a52aa20909be4a","lossless_crop_from_current_runtime_atlas"
"meta_icons","art/production/ui/runtime_atlas_sources/2026-08-20/meta_icons/lobby_icon_signin_calendar_v01.png","assets/runtime/ui/shared/meta_icons/atlases/lobby_icons_sheet.png","assets/runtime/ui/shared/meta_icons/atlas_regions/lobby_icon_signin_calendar_v01.tres","300","892","288","288","e346076596190aaf2e465d4f85ec7b8e18e648855063265bc85f7681fbd974ec","lossless_crop_from_current_runtime_atlas"
"meta_icons","art/production/ui/runtime_atlas_sources/2026-08-20/meta_icons/lobby_icon_task_notebook_v01.png","assets/runtime/ui/shared/meta_icons/atlases/lobby_icons_sheet.png","assets/runtime/ui/shared/meta_icons/atlas_regions/lobby_icon_task_notebook_v01.tres","596","892","288","288","91a5fd891c9e9dede210c7ef060e40fbb474162a823d113f8a5a7215203213dc","lossless_crop_from_current_runtime_atlas"
