"original_path","target_path","action","reason"
"assets/art_split/arena_layers_sheet.png","asset_review_delete/2026-07-21/legacy_cocos/assets/art_split/arena_layers_sheet.png","move_review","legacy_cocos_resource"
"assets/art_split/arena_layers_sheet.png.import","asset_review_delete/2026-07-21/legacy_cocos/assets/art_split/arena_layers_sheet.png.import","move_review","legacy_cocos_resource"
"assets/art_split/path_open_clean_green.png","asset_review_delete/2026-07-21/legacy_cocos/assets/art_split/path_open_clean_green.png","move_review","legacy_cocos_resource"
"assets/art_split/path_open_clean_green.png.import","asset_review_delete/2026-07-21/legacy_cocos/assets/art_split/path_open_clean_green.png.import","move_review","legacy_cocos_resource"
"assets/effest.meta","asset_review_delete/2026-07-21/legacy_cocos/assets/effest.meta","move_review","legacy_cocos_metadata"
"assets/effest/anima.meta","asset_review_delete/2026-07-21/legacy_cocos/assets/effest/anima.meta","move_review","legacy_cocos_resource"
"assets/effest/anima/BGanimation.anim","asset_review_delete/2026-07-21/legacy_cocos/assets/effest/anima/BGanimation.anim","move_review","legacy_cocos_resource"
"assets/effest/anima/BGanimation.anim.meta","asset_review_delete/2026-07-21/legacy_cocos/assets/effest/anima/BGanimation.anim.meta","move_review","legacy_cocos_resource"
"assets/effest/anima/couple.anim","asset_review_delete/2026-07-21/legacy_cocos/assets/effest/anima/couple.anim","move_review","legacy_cocos_resource"
"assets/effest/anima/couple.anim.meta","asset_review_delete/2026-07-21/legacy_cocos/assets/effest/anima/couple.anim.meta","move_review","legacy_cocos_resource"
"assets/effest/anima/Mainanim.anim","asset_review_delete/2026-07-21/legacy_cocos/assets/effest/anima/Mainanim.anim","move_review","legacy_cocos_resource"
"assets/effest/anima/Mainanim.anim.meta","asset_review_delete/2026-07-21/legacy_cocos/assets/effest/anima/Mainanim.anim.meta","move_review","legacy_cocos_resource"
"assets/effest/anima/slake.anim","asset_review_delete/2026-07-21/legacy_cocos/assets/effest/anima/slake.anim","move_review","legacy_cocos_resource"
"assets/effest/anima/slake.anim.meta","asset_review_delete/2026-07-21/legacy_cocos/assets/effest/anima/slake.anim.meta","move_review","legacy_cocos_resource"
"assets/effest/anima/UILight.anim","asset_review_delete/2026-07-21/legacy_cocos/assets/effest/anima/UILight.anim","move_review","legacy_cocos_resource"
"assets/effest/anima/UILight.anim.meta","asset_review_delete/2026-07-21/legacy_cocos/assets/effest/anima/UILight.anim.meta","move_review","legacy_cocos_resource"
"assets/effest/particle.meta","asset_review_delete/2026-07-21/legacy_cocos/assets/effest/particle.meta","move_review","legacy_cocos_resource"
"assets/effest/particle/cloud.plist","asset_review_delete/2026-07-21/legacy_cocos/assets/effest/particle/cloud.plist","move_review","legacy_cocos_resource"
"assets/effest/particle/cloud.plist.meta","asset_review_delete/2026-07-21/legacy_cocos/assets/effest/particle/cloud.plist.meta","move_review","legacy_cocos_resource"
"assets/effest/particle/cloud_a.plist","asset_review_delete/2026-07-21/legacy_cocos/assets/effest/particle/cloud_a.plist","move_review","legacy_cocos_resource"
"assets/effest/particle/cloud_a.plist.meta","asset_review_delete/2026-07-21/legacy_cocos/assets/effest/particle/cloud_a.plist.meta","move_review","legacy_cocos_resource"
"assets/effest/particle/slake.prefab","asset_review_delete/2026-07-21/legacy_cocos/assets/effest/particle/slake.prefab","move_review","legacy_cocos_resource"
"assets/effest/particle/slake.prefab.meta","asset_review_delete/2026-07-21/legacy_cocos/assets/effest/particle/slake.prefab.meta","move_review","legacy_cocos_resource"
"assets/effest/texture.meta","asset_review_delete/2026-07-21/legacy_cocos/assets/effest/texture.meta","move_review","legacy_cocos_resource"
"assets/effest/texture/AutoAtlas.pac","asset_review_delete/2026-07-21/legacy_cocos/assets/effest/texture/AutoAtlas.pac","move_review","legacy_cocos_resource"
"assets/effest/texture/AutoAtlas.pac.meta","asset_review_delete/2026-07-21/legacy_cocos/assets/effest/texture/AutoAtlas.pac.meta","move_review","legacy_cocos_resource"
"assets/effest/texture/couple-0001.png.meta","asset_review_delete/2026-07-21/legacy_cocos/assets/effest/texture/couple-0001.png.meta","move_review","legacy_cocos_resource"
"assets/effest/texture/couple-0002.png.meta","asset_review_delete/2026-07-21/legacy_cocos/assets/effest/texture/couple-0002.png.meta","move_review","legacy_cocos_resource"
"assets/effest/texture/couple-0003.png.meta","asset_review_delete/2026-07-21/legacy_cocos/assets/effest/texture/couple-0003.png.meta","move_review","legacy_cocos_resource"
"assets/effest/texture/couple-0004.png.meta","asset_review_delete/2026-07-21/legacy_cocos/assets/effest/texture/couple-0004.png.meta","move_review","legacy_cocos_resource"
"assets/effest/texture/couple-0005.png.meta","asset_review_delete/2026-07-21/legacy_cocos/assets/effest/texture/couple-0005.png.meta","move_review","legacy_cocos_resource"
"assets/effest/texture/couple-0006.png.meta","asset_review_delete/2026-07-21/legacy_cocos/assets/effest/texture/couple-0006.png.meta","move_review","legacy_cocos_resource"
"assets/effest/texture/couple-0007.png.meta","asset_review_delete/2026-07-21/legacy_cocos/assets/effest/texture/couple-0007.png.meta","move_review","legacy_cocos_resource"
"assets/effest/texture/couple-0008.png.meta","asset_review_delete/2026-07-21/legacy_cocos/assets/effest/texture/couple-0008.png.meta","move_review","legacy_cocos_resource"
"assets/effest/texture/couple-0009.png.meta","asset_review_delete/2026-07-21/legacy_cocos/assets/effest/texture/couple-0009.png.meta","move_review","legacy_cocos_resource"
"assets/effest/texture/couple-0010.png.meta","asset_review_delete/2026-07-21/legacy_cocos/assets/effest/texture/couple-0010.png.meta","move_review","legacy_cocos_resource"
"assets/effest/texture/couple-0011.png.meta","asset_review_delete/2026-07-21/legacy_cocos/assets/effest/texture/couple-0011.png.meta","move_review","legacy_cocos_resource"
"assets/effest/texture/couple-0012.png.meta","asset_review_delete/2026-07-21/legacy_cocos/assets/effest/texture/couple-0012.png.meta","move_review","legacy_cocos_resource"
"assets/effest/texture/couple-0013.png.meta","asset_review_delete/2026-07-21/legacy_cocos/assets/effest/texture/couple-0013.png.meta","move_review","legacy_cocos_resource"
"assets/font.meta","asset_review_delete/2026-07-21/legacy_cocos/assets/font.meta","move_review","legacy_cocos_metadata"
"assets/font/jiesuanFont.fnt","asset_review_delete/2026-07-21/legacy_cocos/assets/font/jiesuanFont.fnt","move_review","legacy_cocos_resource"
"assets/font/jiesuanFont.fnt.import","asset_review_delete/2026-07-21/legacy_cocos/assets/font/jiesuanFont.fnt.import","move_review","legacy_cocos_resource"
"assets/font/jiesuanFont.fnt.meta","asset_review_delete/2026-07-21/legacy_cocos/assets/font/jiesuanFont.fnt.meta","move_review","legacy_cocos_resource"
"assets/font/jiesuanFont_0.png","asset_review_delete/2026-07-21/legacy_cocos/assets/font/jiesuanFont_0.png","move_review","legacy_cocos_resource"
"assets/font/jiesuanFont_0.png.import","asset_review_delete/2026-07-21/legacy_cocos/assets/font/jiesuanFont_0.png.import","move_review","legacy_cocos_resource"
"assets/font/jiesuanFont_0.png.meta","asset_review_delete/2026-07-21/legacy_cocos/assets/font/jiesuanFont_0.png.meta","move_review","legacy_cocos_resource"
"assets/font/scoreFont.fnt","asset_review_delete/2026-07-21/legacy_cocos/assets/font/scoreFont.fnt","move_review","legacy_cocos_resource"
"assets/font/scoreFont.fnt.import","asset_review_delete/2026-07-21/legacy_cocos/assets/font/scoreFont.fnt.import","move_review","legacy_cocos_resource"
"assets/font/scoreFont.fnt.meta","asset_review_delete/2026-07-21/legacy_cocos/assets/font/scoreFont.fnt.meta","move_review","legacy_cocos_resource"
"assets/font/scoreFont_0.png","asset_review_delete/2026-07-21/legacy_cocos/assets/font/scoreFont_0.png","move_review","legacy_cocos_resource"
"assets/font/scoreFont_0.png.import","asset_review_delete/2026-07-21/legacy_cocos/assets/font/scoreFont_0.png.import","move_review","legacy_cocos_resource"
"assets/font/scoreFont_0.png.meta","asset_review_delete/2026-07-21/legacy_cocos/assets/font/scoreFont_0.png.meta","move_review","legacy_cocos_resource"
"assets/migration.meta","asset_review_delete/2026-07-21/legacy_cocos/assets/migration.meta","move_review","legacy_cocos_metadata"
"assets/migration/.gdignore","asset_review_delete/2026-07-21/legacy_cocos/assets/migration/.gdignore","move_review","legacy_cocos_resource"
"assets/migration/use_v2.1-2.2.1_cc.Toggle_event.js","asset_review_delete/2026-07-21/legacy_cocos/assets/migration/use_v2.1-2.2.1_cc.Toggle_event.js","move_review","legacy_cocos_resource"
"assets/migration/use_v2.1-2.2.1_cc.Toggle_event.js.meta","asset_review_delete/2026-07-21/legacy_cocos/assets/migration/use_v2.1-2.2.1_cc.Toggle_event.js.meta","move_review","legacy_cocos_resource"
"assets/resources.meta","asset_review_delete/2026-07-21/legacy_cocos/assets/resources.meta","move_review","legacy_cocos_metadata"
"assets/resources/prefab.meta","asset_review_delete/2026-07-21/legacy_cocos/assets/resources/prefab.meta","move_review","legacy_cocos_resource"
"assets/resources/prefab/block.prefab","asset_review_delete/2026-07-21/legacy_cocos/assets/resources/prefab/block.prefab","move_review","legacy_cocos_resource"
"assets/resources/prefab/block.prefab.meta","asset_review_delete/2026-07-21/legacy_cocos/assets/resources/prefab/block.prefab.meta","move_review","legacy_cocos_resource"
"assets/resources/prefab/SoundManager.prefab","asset_review_delete/2026-07-21/legacy_cocos/assets/resources/prefab/SoundManager.prefab","move_review","legacy_cocos_resource"
"assets/resources/prefab/SoundManager.prefab.meta","asset_review_delete/2026-07-21/legacy_cocos/assets/resources/prefab/SoundManager.prefab.meta","move_review","legacy_cocos_resource"
"assets/resources/prefab/view.meta","asset_review_delete/2026-07-21/legacy_cocos/assets/resources/prefab/view.meta","move_review","legacy_cocos_resource"
"assets/resources/prefab/view/AccountView.prefab","asset_review_delete/2026-07-21/legacy_cocos/assets/resources/prefab/view/AccountView.prefab","move_review","legacy_cocos_resource"
"assets/resources/prefab/view/AccountView.prefab.meta","asset_review_delete/2026-07-21/legacy_cocos/assets/resources/prefab/view/AccountView.prefab.meta","move_review","legacy_cocos_resource"
"assets/resources/prefab/view/SuccessShowView.prefab","asset_review_delete/2026-07-21/legacy_cocos/assets/resources/prefab/view/SuccessShowView.prefab","move_review","legacy_cocos_resource"
"assets/resources/prefab/view/SuccessShowView.prefab.meta","asset_review_delete/2026-07-21/legacy_cocos/assets/resources/prefab/view/SuccessShowView.prefab.meta","move_review","legacy_cocos_resource"
"assets/scenes.meta","asset_review_delete/2026-07-21/legacy_cocos/assets/scenes.meta","move_review","legacy_cocos_metadata"
"assets/scenes/game.fire","asset_review_delete/2026-07-21/legacy_cocos/assets/scenes/game.fire","move_review","legacy_cocos_resource"
"assets/scenes/game.fire.meta","asset_review_delete/2026-07-21/legacy_cocos/assets/scenes/game.fire.meta","move_review","legacy_cocos_resource"
"assets/scenes/Loading.fire","asset_review_delete/2026-07-21/legacy_cocos/assets/scenes/Loading.fire","move_review","legacy_cocos_resource"
"assets/scenes/Loading.fire.meta","asset_review_delete/2026-07-21/legacy_cocos/assets/scenes/Loading.fire.meta","move_review","legacy_cocos_resource"
"assets/scripts.meta","asset_review_delete/2026-07-21/legacy_cocos/assets/scripts.meta","move_review","legacy_cocos_metadata"
"assets/scripts/.gdignore","asset_review_delete/2026-07-21/legacy_cocos/assets/scripts/.gdignore","move_review","legacy_cocos_resource"
"assets/scripts/auto.meta","asset_review_delete/2026-07-21/legacy_cocos/assets/scripts/auto.meta","move_review","legacy_cocos_resource"
"assets/scripts/auto/BgSoundClio.ts","asset_review_delete/2026-07-21/legacy_cocos/assets/scripts/auto/BgSoundClio.ts","move_review","legacy_cocos_resource"
"assets/scripts/auto/BgSoundClio.ts.meta","asset_review_delete/2026-07-21/legacy_cocos/assets/scripts/auto/BgSoundClio.ts.meta","move_review","legacy_cocos_resource"
"assets/scripts/auto/SoundClip.ts","asset_review_delete/2026-07-21/legacy_cocos/assets/scripts/auto/SoundClip.ts","move_review","legacy_cocos_resource"
"assets/scripts/auto/SoundClip.ts.meta","asset_review_delete/2026-07-21/legacy_cocos/assets/scripts/auto/SoundClip.ts.meta","move_review","legacy_cocos_resource"
"assets/scripts/core.meta","asset_review_delete/2026-07-21/legacy_cocos/assets/scripts/core.meta","move_review","legacy_cocos_resource"
"assets/scripts/core/DataManager.ts","asset_review_delete/2026-07-21/legacy_cocos/assets/scripts/core/DataManager.ts","move_review","legacy_cocos_resource"
"assets/scripts/core/DataManager.ts.meta","asset_review_delete/2026-07-21/legacy_cocos/assets/scripts/core/DataManager.ts.meta","move_review","legacy_cocos_resource"
"assets/scripts/core/DataStorage.ts","asset_review_delete/2026-07-21/legacy_cocos/assets/scripts/core/DataStorage.ts","move_review","legacy_cocos_resource"
"assets/scripts/core/DataStorage.ts.meta","asset_review_delete/2026-07-21/legacy_cocos/assets/scripts/core/DataStorage.ts.meta","move_review","legacy_cocos_resource"
"assets/scripts/core/GameManager.ts","asset_review_delete/2026-07-21/legacy_cocos/assets/scripts/core/GameManager.ts","move_review","legacy_cocos_resource"
"assets/scripts/core/GameManager.ts.meta","asset_review_delete/2026-07-21/legacy_cocos/assets/scripts/core/GameManager.ts.meta","move_review","legacy_cocos_resource"
"assets/scripts/core/ResourcePool.ts","asset_review_delete/2026-07-21/legacy_cocos/assets/scripts/core/ResourcePool.ts","move_review","legacy_cocos_resource"
"assets/scripts/core/ResourcePool.ts.meta","asset_review_delete/2026-07-21/legacy_cocos/assets/scripts/core/ResourcePool.ts.meta","move_review","legacy_cocos_resource"
"assets/scripts/core/ResourcesManager.ts","asset_review_delete/2026-07-21/legacy_cocos/assets/scripts/core/ResourcesManager.ts","move_review","legacy_cocos_resource"
"assets/scripts/core/ResourcesManager.ts.meta","asset_review_delete/2026-07-21/legacy_cocos/assets/scripts/core/ResourcesManager.ts.meta","move_review","legacy_cocos_resource"
"assets/scripts/core/SoundManager.ts","asset_review_delete/2026-07-21/legacy_cocos/assets/scripts/core/SoundManager.ts","move_review","legacy_cocos_resource"
"assets/scripts/core/SoundManager.ts.meta","asset_review_delete/2026-07-21/legacy_cocos/assets/scripts/core/SoundManager.ts.meta","move_review","legacy_cocos_resource"
"assets/scripts/coreFight.meta","asset_review_delete/2026-07-21/legacy_cocos/assets/scripts/coreFight.meta","move_review","legacy_cocos_resource"
"assets/scripts/coreFight/Block.ts","asset_review_delete/2026-07-21/legacy_cocos/assets/scripts/coreFight/Block.ts","move_review","legacy_cocos_resource"
"assets/scripts/coreFight/Block.ts.meta","asset_review_delete/2026-07-21/legacy_cocos/assets/scripts/coreFight/Block.ts.meta","move_review","legacy_cocos_resource"
"assets/scripts/data.meta","asset_review_delete/2026-07-21/legacy_cocos/assets/scripts/data.meta","move_review","legacy_cocos_resource"
"assets/scripts/data/PlayerData.ts","asset_review_delete/2026-07-21/legacy_cocos/assets/scripts/data/PlayerData.ts","move_review","legacy_cocos_resource"
"assets/scripts/data/PlayerData.ts.meta","asset_review_delete/2026-07-21/legacy_cocos/assets/scripts/data/PlayerData.ts.meta","move_review","legacy_cocos_resource"
"assets/scripts/event.meta","asset_review_delete/2026-07-21/legacy_cocos/assets/scripts/event.meta","move_review","legacy_cocos_resource"
"assets/scripts/event/CustomEventType.ts","asset_review_delete/2026-07-21/legacy_cocos/assets/scripts/event/CustomEventType.ts","move_review","legacy_cocos_resource"
"assets/scripts/event/CustomEventType.ts.meta","asset_review_delete/2026-07-21/legacy_cocos/assets/scripts/event/CustomEventType.ts.meta","move_review","legacy_cocos_resource"
"assets/scripts/gameScene.meta","asset_review_delete/2026-07-21/legacy_cocos/assets/scripts/gameScene.meta","move_review","legacy_cocos_resource"
"assets/scripts/gameScene/GameScene.ts","asset_review_delete/2026-07-21/legacy_cocos/assets/scripts/gameScene/GameScene.ts","move_review","legacy_cocos_resource"
"assets/scripts/gameScene/GameScene.ts.meta","asset_review_delete/2026-07-21/legacy_cocos/assets/scripts/gameScene/GameScene.ts.meta","move_review","legacy_cocos_resource"
"assets/scripts/gameScene/Player.ts","asset_review_delete/2026-07-21/legacy_cocos/assets/scripts/gameScene/Player.ts","move_review","legacy_cocos_resource"
"assets/scripts/gameScene/Player.ts.meta","asset_review_delete/2026-07-21/legacy_cocos/assets/scripts/gameScene/Player.ts.meta","move_review","legacy_cocos_resource"
"assets/scripts/gameScene/PlayerControl.ts","asset_review_delete/2026-07-21/legacy_cocos/assets/scripts/gameScene/PlayerControl.ts","move_review","legacy_cocos_resource"
"assets/scripts/gameScene/PlayerControl.ts.meta","asset_review_delete/2026-07-21/legacy_cocos/assets/scripts/gameScene/PlayerControl.ts.meta","move_review","legacy_cocos_resource"
"assets/scripts/Loading.ts","asset_review_delete/2026-07-21/legacy_cocos/assets/scripts/Loading.ts","move_review","legacy_cocos_resource"
"assets/scripts/Loading.ts.meta","asset_review_delete/2026-07-21/legacy_cocos/assets/scripts/Loading.ts.meta","move_review","legacy_cocos_resource"
"assets/scripts/Main.ts","asset_review_delete/2026-07-21/legacy_cocos/assets/scripts/Main.ts","move_review","legacy_cocos_resource"
"assets/scripts/Main.ts.meta","asset_review_delete/2026-07-21/legacy_cocos/assets/scripts/Main.ts.meta","move_review","legacy_cocos_resource"
"assets/scripts/ui.meta","asset_review_delete/2026-07-21/legacy_cocos/assets/scripts/ui.meta","move_review","legacy_cocos_resource"
"assets/scripts/ui/account.meta","asset_review_delete/2026-07-21/legacy_cocos/assets/scripts/ui/account.meta","move_review","legacy_cocos_resource"
"assets/scripts/ui/account/AccountView.ts","asset_review_delete/2026-07-21/legacy_cocos/assets/scripts/ui/account/AccountView.ts","move_review","legacy_cocos_resource"
"assets/scripts/ui/account/AccountView.ts.meta","asset_review_delete/2026-07-21/legacy_cocos/assets/scripts/ui/account/AccountView.ts.meta","move_review","legacy_cocos_resource"
"assets/scripts/ui/mainUI.meta","asset_review_delete/2026-07-21/legacy_cocos/assets/scripts/ui/mainUI.meta","move_review","legacy_cocos_resource"
"assets/scripts/ui/mainUI/GameUI.ts","asset_review_delete/2026-07-21/legacy_cocos/assets/scripts/ui/mainUI/GameUI.ts","move_review","legacy_cocos_resource"
"assets/scripts/ui/mainUI/GameUI.ts.meta","asset_review_delete/2026-07-21/legacy_cocos/assets/scripts/ui/mainUI/GameUI.ts.meta","move_review","legacy_cocos_resource"
"assets/scripts/ui/mainUI/MainUI.ts","asset_review_delete/2026-07-21/legacy_cocos/assets/scripts/ui/mainUI/MainUI.ts","move_review","legacy_cocos_resource"
"assets/scripts/ui/mainUI/MainUI.ts.meta","asset_review_delete/2026-07-21/legacy_cocos/assets/scripts/ui/mainUI/MainUI.ts.meta","move_review","legacy_cocos_resource"
"assets/scripts/ui/successShow.meta","asset_review_delete/2026-07-21/legacy_cocos/assets/scripts/ui/successShow.meta","move_review","legacy_cocos_resource"
"assets/scripts/ui/successShow/SuccessShowView.ts","asset_review_delete/2026-07-21/legacy_cocos/assets/scripts/ui/successShow/SuccessShowView.ts","move_review","legacy_cocos_resource"
"assets/scripts/ui/successShow/SuccessShowView.ts.meta","asset_review_delete/2026-07-21/legacy_cocos/assets/scripts/ui/successShow/SuccessShowView.ts.meta","move_review","legacy_cocos_resource"
"assets/scripts/ui/UIManager.ts","asset_review_delete/2026-07-21/legacy_cocos/assets/scripts/ui/UIManager.ts","move_review","legacy_cocos_resource"
"assets/scripts/ui/UIManager.ts.meta","asset_review_delete/2026-07-21/legacy_cocos/assets/scripts/ui/UIManager.ts.meta","move_review","legacy_cocos_resource"
"assets/scripts/ui/View.ts","asset_review_delete/2026-07-21/legacy_cocos/assets/scripts/ui/View.ts","move_review","legacy_cocos_resource"
"assets/scripts/ui/View.ts.meta","asset_review_delete/2026-07-21/legacy_cocos/assets/scripts/ui/View.ts.meta","move_review","legacy_cocos_resource"
"assets/scripts/util.meta","asset_review_delete/2026-07-21/legacy_cocos/assets/scripts/util.meta","move_review","legacy_cocos_resource"
"assets/scripts/util/CountdownLunch.ts","asset_review_delete/2026-07-21/legacy_cocos/assets/scripts/util/CountdownLunch.ts","move_review","legacy_cocos_resource"
"assets/scripts/util/CountdownLunch.ts.meta","asset_review_delete/2026-07-21/legacy_cocos/assets/scripts/util/CountdownLunch.ts.meta","move_review","legacy_cocos_resource"
"assets/scripts/util/DMAdsSDKMgr.ts","asset_review_delete/2026-07-21/legacy_cocos/assets/scripts/util/DMAdsSDKMgr.ts","move_review","legacy_cocos_resource"
"assets/scripts/util/DMAdsSDKMgr.ts.meta","asset_review_delete/2026-07-21/legacy_cocos/assets/scripts/util/DMAdsSDKMgr.ts.meta","move_review","legacy_cocos_resource"
"assets/scripts/util/LongNumberUtils.ts","asset_review_delete/2026-07-21/legacy_cocos/assets/scripts/util/LongNumberUtils.ts","move_review","legacy_cocos_resource"
"assets/scripts/util/LongNumberUtils.ts.meta","asset_review_delete/2026-07-21/legacy_cocos/assets/scripts/util/LongNumberUtils.ts.meta","move_review","legacy_cocos_resource"
"assets/scripts/util/Mathf.ts","asset_review_delete/2026-07-21/legacy_cocos/assets/scripts/util/Mathf.ts","move_review","legacy_cocos_resource"
"assets/scripts/util/Mathf.ts.meta","asset_review_delete/2026-07-21/legacy_cocos/assets/scripts/util/Mathf.ts.meta","move_review","legacy_cocos_resource"
"assets/scripts/util/Random.ts","asset_review_delete/2026-07-21/legacy_cocos/assets/scripts/util/Random.ts","move_review","legacy_cocos_resource"
"assets/scripts/util/Random.ts.meta","asset_review_delete/2026-07-21/legacy_cocos/assets/scripts/util/Random.ts.meta","move_review","legacy_cocos_resource"
"assets/scripts/util/Vector2.ts","asset_review_delete/2026-07-21/legacy_cocos/assets/scripts/util/Vector2.ts","move_review","legacy_cocos_resource"
"assets/scripts/util/Vector2.ts.meta","asset_review_delete/2026-07-21/legacy_cocos/assets/scripts/util/Vector2.ts.meta","move_review","legacy_cocos_resource"
"assets/scripts/util/Vector3.ts","asset_review_delete/2026-07-21/legacy_cocos/assets/scripts/util/Vector3.ts","move_review","legacy_cocos_resource"
"assets/scripts/util/Vector3.ts.meta","asset_review_delete/2026-07-21/legacy_cocos/assets/scripts/util/Vector3.ts.meta","move_review","legacy_cocos_resource"
"assets/sound.meta","asset_review_delete/2026-07-21/legacy_cocos/assets/sound.meta","move_review","legacy_cocos_metadata"
"assets/sound/click.mp3.meta","asset_review_delete/2026-07-21/legacy_cocos/assets/sound/click.mp3.meta","move_review","legacy_cocos_resource"
"assets/sound/mergen.mp3.meta","asset_review_delete/2026-07-21/legacy_cocos/assets/sound/mergen.mp3.meta","move_review","legacy_cocos_resource"
"assets/textrues.meta","asset_review_delete/2026-07-21/legacy_cocos/assets/textrues.meta","move_review","legacy_cocos_metadata"
"assets/textrues/bg.meta","asset_review_delete/2026-07-21/legacy_cocos/assets/textrues/bg.meta","move_review","legacy_cocos_resource"
"assets/textrues/bg/bg_01.jpg","asset_review_delete/2026-07-21/legacy_cocos/assets/textrues/bg/bg_01.jpg","move_review","legacy_cocos_resource"
"assets/textrues/bg/bg_01.jpg.import","asset_review_delete/2026-07-21/legacy_cocos/assets/textrues/bg/bg_01.jpg.import","move_review","legacy_cocos_resource"
"assets/textrues/bg/bg_01.jpg.meta","asset_review_delete/2026-07-21/legacy_cocos/assets/textrues/bg/bg_01.jpg.meta","move_review","legacy_cocos_resource"
"assets/textrues/bg/bg_03.png.meta","asset_review_delete/2026-07-21/legacy_cocos/assets/textrues/bg/bg_03.png.meta","move_review","legacy_cocos_resource"
"assets/textrues/bg/bg_04.png.meta","asset_review_delete/2026-07-21/legacy_cocos/assets/textrues/bg/bg_04.png.meta","move_review","legacy_cocos_resource"
"assets/textrues/bg/bg_05.png.meta","asset_review_delete/2026-07-21/legacy_cocos/assets/textrues/bg/bg_05.png.meta","move_review","legacy_cocos_resource"
"assets/textrues/mian.meta","asset_review_delete/2026-07-21/legacy_cocos/assets/textrues/mian.meta","move_review","legacy_cocos_resource"
"assets/textrues/mian/back.png.meta","asset_review_delete/2026-07-21/legacy_cocos/assets/textrues/mian/back.png.meta","move_review","legacy_cocos_resource"
"assets/textrues/mian/bg_02.png.meta","asset_review_delete/2026-07-21/legacy_cocos/assets/textrues/mian/bg_02.png.meta","move_review","legacy_cocos_resource"
"assets/textrues/mian/Block Puzzle the number to 10.png","asset_review_delete/2026-07-21/legacy_cocos/assets/textrues/mian/Block Puzzle the number to 10.png","move_review","legacy_cocos_resource"
"assets/textrues/mian/Block Puzzle the number to 10.png.import","asset_review_delete/2026-07-21/legacy_cocos/assets/textrues/mian/Block Puzzle the number to 10.png.import","move_review","legacy_cocos_resource"
"assets/textrues/mian/Block Puzzle the number to 10.png.meta","asset_review_delete/2026-07-21/legacy_cocos/assets/textrues/mian/Block Puzzle the number to 10.png.meta","move_review","legacy_cocos_resource"
"assets/textrues/mian/Continue.png.meta","asset_review_delete/2026-07-21/legacy_cocos/assets/textrues/mian/Continue.png.meta","move_review","legacy_cocos_resource"
"assets/textrues/mian/Crown.png.meta","asset_review_delete/2026-07-21/legacy_cocos/assets/textrues/mian/Crown.png.meta","move_review","legacy_cocos_resource"
"assets/textrues/mian/esc.png.meta","asset_review_delete/2026-07-21/legacy_cocos/assets/textrues/mian/esc.png.meta","move_review","legacy_cocos_resource"
"assets/textrues/mian/font_01.png","asset_review_delete/2026-07-21/legacy_cocos/assets/textrues/mian/font_01.png","move_review","legacy_cocos_resource"
"assets/textrues/mian/font_01.png.import","asset_review_delete/2026-07-21/legacy_cocos/assets/textrues/mian/font_01.png.import","move_review","legacy_cocos_resource"
"assets/textrues/mian/font_01.png.meta","asset_review_delete/2026-07-21/legacy_cocos/assets/textrues/mian/font_01.png.meta","move_review","legacy_cocos_resource"
"assets/textrues/mian/help.png","asset_review_delete/2026-07-21/legacy_cocos/assets/textrues/mian/help.png","move_review","legacy_cocos_resource"
"assets/textrues/mian/help.png.import","asset_review_delete/2026-07-21/legacy_cocos/assets/textrues/mian/help.png.import","move_review","legacy_cocos_resource"
"assets/textrues/mian/help.png.meta","asset_review_delete/2026-07-21/legacy_cocos/assets/textrues/mian/help.png.meta","move_review","legacy_cocos_resource"
"assets/textrues/mian/jiesuan.png.meta","asset_review_delete/2026-07-21/legacy_cocos/assets/textrues/mian/jiesuan.png.meta","move_review","legacy_cocos_resource"
"assets/textrues/mian/Light.png.meta","asset_review_delete/2026-07-21/legacy_cocos/assets/textrues/mian/Light.png.meta","move_review","legacy_cocos_resource"
"assets/textrues/mian/logo.png.meta","asset_review_delete/2026-07-21/legacy_cocos/assets/textrues/mian/logo.png.meta","move_review","legacy_cocos_resource"
"assets/textrues/mian/mainAtlas.pac","asset_review_delete/2026-07-21/legacy_cocos/assets/textrues/mian/mainAtlas.pac","move_review","legacy_cocos_resource"
"assets/textrues/mian/mainAtlas.pac.meta","asset_review_delete/2026-07-21/legacy_cocos/assets/textrues/mian/mainAtlas.pac.meta","move_review","legacy_cocos_resource"
"assets/textrues/mian/Mask.png","asset_review_delete/2026-07-21/legacy_cocos/assets/textrues/mian/Mask.png","move_review","legacy_cocos_resource"
"assets/textrues/mian/Mask.png.import","asset_review_delete/2026-07-21/legacy_cocos/assets/textrues/mian/Mask.png.import","move_review","legacy_cocos_resource"
"assets/textrues/mian/Mask.png.meta","asset_review_delete/2026-07-21/legacy_cocos/assets/textrues/mian/Mask.png.meta","move_review","legacy_cocos_resource"
"assets/textrues/mian/music.png.meta","asset_review_delete/2026-07-21/legacy_cocos/assets/textrues/mian/music.png.meta","move_review","legacy_cocos_resource"
"assets/textrues/mian/newrecord.png.meta","asset_review_delete/2026-07-21/legacy_cocos/assets/textrues/mian/newrecord.png.meta","move_review","legacy_cocos_resource"
"assets/textrues/mian/Panel.png.meta","asset_review_delete/2026-07-21/legacy_cocos/assets/textrues/mian/Panel.png.meta","move_review","legacy_cocos_resource"
"assets/textrues/mian/plate_01_down.png","asset_review_delete/2026-07-21/legacy_cocos/assets/textrues/mian/plate_01_down.png","move_review","legacy_cocos_resource"
"assets/textrues/mian/plate_01_down.png.import","asset_review_delete/2026-07-21/legacy_cocos/assets/textrues/mian/plate_01_down.png.import","move_review","legacy_cocos_resource"
"assets/textrues/mian/plate_01_down.png.meta","asset_review_delete/2026-07-21/legacy_cocos/assets/textrues/mian/plate_01_down.png.meta","move_review","legacy_cocos_resource"
"assets/textrues/mian/plate_01_up.png","asset_review_delete/2026-07-21/legacy_cocos/assets/textrues/mian/plate_01_up.png","move_review","legacy_cocos_resource"
"assets/textrues/mian/plate_01_up.png.import","asset_review_delete/2026-07-21/legacy_cocos/assets/textrues/mian/plate_01_up.png.import","move_review","legacy_cocos_resource"
"assets/textrues/mian/plate_01_up.png.meta","asset_review_delete/2026-07-21/legacy_cocos/assets/textrues/mian/plate_01_up.png.meta","move_review","legacy_cocos_resource"
"assets/textrues/mian/plate_02_down.png","asset_review_delete/2026-07-21/legacy_cocos/assets/textrues/mian/plate_02_down.png","move_review","legacy_cocos_resource"
"assets/textrues/mian/plate_02_down.png.import","asset_review_delete/2026-07-21/legacy_cocos/assets/textrues/mian/plate_02_down.png.import","move_review","legacy_cocos_resource"
"assets/textrues/mian/plate_02_down.png.meta","asset_review_delete/2026-07-21/legacy_cocos/assets/textrues/mian/plate_02_down.png.meta","move_review","legacy_cocos_resource"
"assets/textrues/mian/plate_02_up.png","asset_review_delete/2026-07-21/legacy_cocos/assets/textrues/mian/plate_02_up.png","move_review","legacy_cocos_resource"
"assets/textrues/mian/plate_02_up.png.import","asset_review_delete/2026-07-21/legacy_cocos/assets/textrues/mian/plate_02_up.png.import","move_review","legacy_cocos_resource"
"assets/textrues/mian/plate_02_up.png.meta","asset_review_delete/2026-07-21/legacy_cocos/assets/textrues/mian/plate_02_up.png.meta","move_review","legacy_cocos_resource"
"assets/textrues/mian/plate_03_down.png","asset_review_delete/2026-07-21/legacy_cocos/assets/textrues/mian/plate_03_down.png","move_review","legacy_cocos_resource"
"assets/textrues/mian/plate_03_down.png.import","asset_review_delete/2026-07-21/legacy_cocos/assets/textrues/mian/plate_03_down.png.import","move_review","legacy_cocos_resource"
"assets/textrues/mian/plate_03_down.png.meta","asset_review_delete/2026-07-21/legacy_cocos/assets/textrues/mian/plate_03_down.png.meta","move_review","legacy_cocos_resource"
"assets/textrues/mian/plate_03_up.png","asset_review_delete/2026-07-21/legacy_cocos/assets/textrues/mian/plate_03_up.png","move_review","legacy_cocos_resource"
"assets/textrues/mian/plate_03_up.png.import","asset_review_delete/2026-07-21/legacy_cocos/assets/textrues/mian/plate_03_up.png.import","move_review","legacy_cocos_resource"
"assets/textrues/mian/plate_03_up.png.meta","asset_review_delete/2026-07-21/legacy_cocos/assets/textrues/mian/plate_03_up.png.meta","move_review","legacy_cocos_resource"
"assets/textrues/mian/plate_04_down.png","asset_review_delete/2026-07-21/legacy_cocos/assets/textrues/mian/plate_04_down.png","move_review","legacy_cocos_resource"
"assets/textrues/mian/plate_04_down.png.import","asset_review_delete/2026-07-21/legacy_cocos/assets/textrues/mian/plate_04_down.png.import","move_review","legacy_cocos_resource"
"assets/textrues/mian/plate_04_down.png.meta","asset_review_delete/2026-07-21/legacy_cocos/assets/textrues/mian/plate_04_down.png.meta","move_review","legacy_cocos_resource"
"assets/textrues/mian/plate_04_up.png","asset_review_delete/2026-07-21/legacy_cocos/assets/textrues/mian/plate_04_up.png","move_review","legacy_cocos_resource"
"assets/textrues/mian/plate_04_up.png.import","asset_review_delete/2026-07-21/legacy_cocos/assets/textrues/mian/plate_04_up.png.import","move_review","legacy_cocos_resource"
"assets/textrues/mian/plate_04_up.png.meta","asset_review_delete/2026-07-21/legacy_cocos/assets/textrues/mian/plate_04_up.png.meta","move_review","legacy_cocos_resource"
"assets/textrues/mian/plate_05_down.png","asset_review_delete/2026-07-21/legacy_cocos/assets/textrues/mian/plate_05_down.png","move_review","legacy_cocos_resource"
"assets/textrues/mian/plate_05_down.png.import","asset_review_delete/2026-07-21/legacy_cocos/assets/textrues/mian/plate_05_down.png.import","move_review","legacy_cocos_resource"
"assets/textrues/mian/plate_05_down.png.meta","asset_review_delete/2026-07-21/legacy_cocos/assets/textrues/mian/plate_05_down.png.meta","move_review","legacy_cocos_resource"
"assets/textrues/mian/plate_05_up.png","asset_review_delete/2026-07-21/legacy_cocos/assets/textrues/mian/plate_05_up.png","move_review","legacy_cocos_resource"
"assets/textrues/mian/plate_05_up.png.import","asset_review_delete/2026-07-21/legacy_cocos/assets/textrues/mian/plate_05_up.png.import","move_review","legacy_cocos_resource"
"assets/textrues/mian/plate_05_up.png.meta","asset_review_delete/2026-07-21/legacy_cocos/assets/textrues/mian/plate_05_up.png.meta","move_review","legacy_cocos_resource"
"assets/textrues/mian/plate_06_down.png","asset_review_delete/2026-07-21/legacy_cocos/assets/textrues/mian/plate_06_down.png","move_review","legacy_cocos_resource"
"assets/textrues/mian/plate_06_down.png.import","asset_review_delete/2026-07-21/legacy_cocos/assets/textrues/mian/plate_06_down.png.import","move_review","legacy_cocos_resource"
"assets/textrues/mian/plate_06_down.png.meta","asset_review_delete/2026-07-21/legacy_cocos/assets/textrues/mian/plate_06_down.png.meta","move_review","legacy_cocos_resource"
"assets/textrues/mian/plate_06_up.png","asset_review_delete/2026-07-21/legacy_cocos/assets/textrues/mian/plate_06_up.png","move_review","legacy_cocos_resource"
"assets/textrues/mian/plate_06_up.png.import","asset_review_delete/2026-07-21/legacy_cocos/assets/textrues/mian/plate_06_up.png.import","move_review","legacy_cocos_resource"
"assets/textrues/mian/plate_06_up.png.meta","asset_review_delete/2026-07-21/legacy_cocos/assets/textrues/mian/plate_06_up.png.meta","move_review","legacy_cocos_resource"
"assets/textrues/mian/plate_07_down.png","asset_review_delete/2026-07-21/legacy_cocos/assets/textrues/mian/plate_07_down.png","move_review","legacy_cocos_resource"
"assets/textrues/mian/plate_07_down.png.import","asset_review_delete/2026-07-21/legacy_cocos/assets/textrues/mian/plate_07_down.png.import","move_review","legacy_cocos_resource"
"assets/textrues/mian/plate_07_down.png.meta","asset_review_delete/2026-07-21/legacy_cocos/assets/textrues/mian/plate_07_down.png.meta","move_review","legacy_cocos_resource"
"assets/textrues/mian/plate_07_up.png","asset_review_delete/2026-07-21/legacy_cocos/assets/textrues/mian/plate_07_up.png","move_review","legacy_cocos_resource"
"assets/textrues/mian/plate_07_up.png.import","asset_review_delete/2026-07-21/legacy_cocos/assets/textrues/mian/plate_07_up.png.import","move_review","legacy_cocos_resource"
"assets/textrues/mian/plate_07_up.png.meta","asset_review_delete/2026-07-21/legacy_cocos/assets/textrues/mian/plate_07_up.png.meta","move_review","legacy_cocos_resource"
"assets/textrues/mian/plate_08_down.png","asset_review_delete/2026-07-21/legacy_cocos/assets/textrues/mian/plate_08_down.png","move_review","legacy_cocos_resource"
"assets/textrues/mian/plate_08_down.png.import","asset_review_delete/2026-07-21/legacy_cocos/assets/textrues/mian/plate_08_down.png.import","move_review","legacy_cocos_resource"
"assets/textrues/mian/plate_08_down.png.meta","asset_review_delete/2026-07-21/legacy_cocos/assets/textrues/mian/plate_08_down.png.meta","move_review","legacy_cocos_resource"
"assets/textrues/mian/plate_08_up.png","asset_review_delete/2026-07-21/legacy_cocos/assets/textrues/mian/plate_08_up.png","move_review","legacy_cocos_resource"
"assets/textrues/mian/plate_08_up.png.import","asset_review_delete/2026-07-21/legacy_cocos/assets/textrues/mian/plate_08_up.png.import","move_review","legacy_cocos_resource"
"assets/textrues/mian/plate_08_up.png.meta","asset_review_delete/2026-07-21/legacy_cocos/assets/textrues/mian/plate_08_up.png.meta","move_review","legacy_cocos_resource"
"assets/textrues/mian/plate_09_down.png","asset_review_delete/2026-07-21/legacy_cocos/assets/textrues/mian/plate_09_down.png","move_review","legacy_cocos_resource"
"assets/textrues/mian/plate_09_down.png.import","asset_review_delete/2026-07-21/legacy_cocos/assets/textrues/mian/plate_09_down.png.import","move_review","legacy_cocos_resource"
"assets/textrues/mian/plate_09_down.png.meta","asset_review_delete/2026-07-21/legacy_cocos/assets/textrues/mian/plate_09_down.png.meta","move_review","legacy_cocos_resource"
"assets/textrues/mian/plate_09_up.png","asset_review_delete/2026-07-21/legacy_cocos/assets/textrues/mian/plate_09_up.png","move_review","legacy_cocos_resource"
"assets/textrues/mian/plate_09_up.png.import","asset_review_delete/2026-07-21/legacy_cocos/assets/textrues/mian/plate_09_up.png.import","move_review","legacy_cocos_resource"
"assets/textrues/mian/plate_09_up.png.meta","asset_review_delete/2026-07-21/legacy_cocos/assets/textrues/mian/plate_09_up.png.meta","move_review","legacy_cocos_resource"
"assets/textrues/mian/plate_10_down.png","asset_review_delete/2026-07-21/legacy_cocos/assets/textrues/mian/plate_10_down.png","move_review","legacy_cocos_resource"
"assets/textrues/mian/plate_10_down.png.import","asset_review_delete/2026-07-21/legacy_cocos/assets/textrues/mian/plate_10_down.png.import","move_review","legacy_cocos_resource"
"assets/textrues/mian/plate_10_down.png.meta","asset_review_delete/2026-07-21/legacy_cocos/assets/textrues/mian/plate_10_down.png.meta","move_review","legacy_cocos_resource"
"assets/textrues/mian/plate_10_up.png","asset_review_delete/2026-07-21/legacy_cocos/assets/textrues/mian/plate_10_up.png","move_review","legacy_cocos_resource"
"assets/textrues/mian/plate_10_up.png.import","asset_review_delete/2026-07-21/legacy_cocos/assets/textrues/mian/plate_10_up.png.import","move_review","legacy_cocos_resource"
"assets/textrues/mian/plate_10_up.png.meta","asset_review_delete/2026-07-21/legacy_cocos/assets/textrues/mian/plate_10_up.png.meta","move_review","legacy_cocos_resource"
"assets/textrues/mian/play.png","asset_review_delete/2026-07-21/legacy_cocos/assets/textrues/mian/play.png","move_review","legacy_cocos_resource"
"assets/textrues/mian/play.png.import","asset_review_delete/2026-07-21/legacy_cocos/assets/textrues/mian/play.png.import","move_review","legacy_cocos_resource"
"assets/textrues/mian/play.png.meta","asset_review_delete/2026-07-21/legacy_cocos/assets/textrues/mian/play.png.meta","move_review","legacy_cocos_resource"
"assets/textrues/mian/Refresh.png.meta","asset_review_delete/2026-07-21/legacy_cocos/assets/textrues/mian/Refresh.png.meta","move_review","legacy_cocos_resource"
"assets/textrues/mian/Rstart.png.meta","asset_review_delete/2026-07-21/legacy_cocos/assets/textrues/mian/Rstart.png.meta","move_review","legacy_cocos_resource"
"assets/fx/elements/ice/hit_spritesheet.png","asset_review_delete/2026-07-21/replaced/current/assets/fx/elements/ice/hit_spritesheet_old.png","move_review","replaced_by_user_supplied_10_frame_hit_spritesheet"
"assets/UI/base_layers/base_002.png","asset_review_delete/2026-07-21/replaced/current/assets/UI/base_layers/base_002.png","move_review","unused_even_crystal_stages"
"assets/UI/base_layers/base_002.png.import","asset_review_delete/2026-07-21/replaced/current/assets/UI/base_layers/base_002.png.import","move_review","unused_even_crystal_stages"
"assets/UI/base_layers/base_004.png","asset_review_delete/2026-07-21/replaced/current/assets/UI/base_layers/base_004.png","move_review","unused_even_crystal_stages"
"assets/UI/base_layers/base_004.png.import","asset_review_delete/2026-07-21/replaced/current/assets/UI/base_layers/base_004.png.import","move_review","unused_even_crystal_stages"
"assets/UI/base_layers/base_006.png","asset_review_delete/2026-07-21/replaced/current/assets/UI/base_layers/base_006.png","move_review","unused_even_crystal_stages"
"assets/UI/base_layers/base_006.png.import","asset_review_delete/2026-07-21/replaced/current/assets/UI/base_layers/base_006.png.import","move_review","unused_even_crystal_stages"
"assets/UI/base_layers/base_008.png","asset_review_delete/2026-07-21/replaced/current/assets/UI/base_layers/base_008.png","move_review","unused_even_crystal_stages"
"assets/UI/base_layers/base_008.png.import","asset_review_delete/2026-07-21/replaced/current/assets/UI/base_layers/base_008.png.import","move_review","unused_even_crystal_stages"
"assets/UI/card/棋盘卡_001.png","asset_review_delete/2026-07-21/replaced/current/assets/UI/card/棋盘卡_001.png","move_review","replaced_legacy_card_art"
"assets/UI/card/棋盘卡_001.png.import","asset_review_delete/2026-07-21/replaced/current/assets/UI/card/棋盘卡_001.png.import","move_review","replaced_legacy_card_art"
"assets/UI/card/棋盘卡_002.png","asset_review_delete/2026-07-21/replaced/current/assets/UI/card/棋盘卡_002.png","move_review","replaced_legacy_card_art"
"assets/UI/card/棋盘卡_002.png.import","asset_review_delete/2026-07-21/replaced/current/assets/UI/card/棋盘卡_002.png.import","move_review","replaced_legacy_card_art"
"assets/UI/card/棋盘卡_003.png","asset_review_delete/2026-07-21/replaced/current/assets/UI/card/棋盘卡_003.png","move_review","replaced_legacy_card_art"
"assets/UI/card/棋盘卡_003.png.import","asset_review_delete/2026-07-21/replaced/current/assets/UI/card/棋盘卡_003.png.import","move_review","replaced_legacy_card_art"
"assets/UI/card/棋盘卡_004.png","asset_review_delete/2026-07-21/replaced/current/assets/UI/card/棋盘卡_004.png","move_review","replaced_legacy_card_art"
"assets/UI/card/棋盘卡_004.png.import","asset_review_delete/2026-07-21/replaced/current/assets/UI/card/棋盘卡_004.png.import","move_review","replaced_legacy_card_art"
"assets/UI/card/棋盘卡_005.png","asset_review_delete/2026-07-21/replaced/current/assets/UI/card/棋盘卡_005.png","move_review","replaced_legacy_card_art"
"assets/UI/card/棋盘卡_005.png.import","asset_review_delete/2026-07-21/replaced/current/assets/UI/card/棋盘卡_005.png.import","move_review","replaced_legacy_card_art"
"assets/UI/card/水晶卡_001.png","asset_review_delete/2026-07-21/replaced/current/assets/UI/card/水晶卡_001.png","move_review","replaced_legacy_card_art"
"assets/UI/card/水晶卡_001.png.import","asset_review_delete/2026-07-21/replaced/current/assets/UI/card/水晶卡_001.png.import","move_review","replaced_legacy_card_art"
"assets/UI/card/水晶卡_002.png","asset_review_delete/2026-07-21/replaced/current/assets/UI/card/水晶卡_002.png","move_review","replaced_legacy_card_art"
"assets/UI/card/水晶卡_002.png.import","asset_review_delete/2026-07-21/replaced/current/assets/UI/card/水晶卡_002.png.import","move_review","replaced_legacy_card_art"
"assets/UI/card/水晶卡_003.png","asset_review_delete/2026-07-21/replaced/current/assets/UI/card/水晶卡_003.png","move_review","replaced_legacy_card_art"
"assets/UI/card/水晶卡_003.png.import","asset_review_delete/2026-07-21/replaced/current/assets/UI/card/水晶卡_003.png.import","move_review","replaced_legacy_card_art"
"assets/UI/card/水晶卡_004.png","asset_review_delete/2026-07-21/replaced/current/assets/UI/card/水晶卡_004.png","move_review","replaced_legacy_card_art"
"assets/UI/card/水晶卡_004.png.import","asset_review_delete/2026-07-21/replaced/current/assets/UI/card/水晶卡_004.png.import","move_review","replaced_legacy_card_art"
"assets/UI/merge_attack_banner_critical.png","asset_review_delete/2026-07-21/replaced/current/assets/UI/merge_attack_banner_critical.png","move_review","replaced_element_prompt_banner"
"assets/UI/merge_attack_banner_critical.png.import","asset_review_delete/2026-07-21/replaced/current/assets/UI/merge_attack_banner_critical.png.import","move_review","replaced_element_prompt_banner"
"assets/UI/merge_attack_banner_fire.png","asset_review_delete/2026-07-21/replaced/current/assets/UI/merge_attack_banner_fire.png","move_review","replaced_element_prompt_banner"
"assets/UI/merge_attack_banner_fire.png.import","asset_review_delete/2026-07-21/replaced/current/assets/UI/merge_attack_banner_fire.png.import","move_review","replaced_element_prompt_banner"
"assets/UI/merge_attack_banner_ice.png","asset_review_delete/2026-07-21/replaced/current/assets/UI/merge_attack_banner_ice.png","move_review","replaced_element_prompt_banner"
"assets/UI/merge_attack_banner_ice.png.import","asset_review_delete/2026-07-21/replaced/current/assets/UI/merge_attack_banner_ice.png.import","move_review","replaced_element_prompt_banner"
"assets/UI/merge_attack_banner_lightning.png","asset_review_delete/2026-07-21/replaced/current/assets/UI/merge_attack_banner_lightning.png","move_review","replaced_element_prompt_banner"
"assets/UI/merge_attack_banner_lightning.png.import","asset_review_delete/2026-07-21/replaced/current/assets/UI/merge_attack_banner_lightning.png.import","move_review","replaced_element_prompt_banner"
"assets/UI/merge_attack_banner_poison.png","asset_review_delete/2026-07-21/replaced/current/assets/UI/merge_attack_banner_poison.png","move_review","replaced_element_prompt_banner"
"assets/UI/merge_attack_banner_poison.png.import","asset_review_delete/2026-07-21/replaced/current/assets/UI/merge_attack_banner_poison.png.import","move_review","replaced_element_prompt_banner"
"assets/UI/波次选择/layer_001.png","asset_review_delete/2026-07-21/replaced/current/assets/UI/波次选择/layer_001.png","move_review","replaced_wave_choice_layers"
"assets/UI/波次选择/layer_001.png.import","asset_review_delete/2026-07-21/replaced/current/assets/UI/波次选择/layer_001.png.import","move_review","replaced_wave_choice_layers"
"assets/UI/波次选择/layer_002.png","asset_review_delete/2026-07-21/replaced/current/assets/UI/波次选择/layer_002.png","move_review","replaced_wave_choice_layers"
"assets/UI/波次选择/layer_002.png.import","asset_review_delete/2026-07-21/replaced/current/assets/UI/波次选择/layer_002.png.import","move_review","replaced_wave_choice_layers"
"assets/UI/底部UI/layer_001.png","asset_review_delete/2026-07-21/replaced/current/assets/UI/底部UI/layer_001.png","move_review","replaced_bottom_hud_layers"
"assets/UI/底部UI/layer_001.png.import","asset_review_delete/2026-07-21/replaced/current/assets/UI/底部UI/layer_001.png.import","move_review","replaced_bottom_hud_layers"
"assets/UI/底部UI/layer_002.png","asset_review_delete/2026-07-21/replaced/current/assets/UI/底部UI/layer_002.png","move_review","replaced_bottom_hud_layers"
"assets/UI/底部UI/layer_002.png.import","asset_review_delete/2026-07-21/replaced/current/assets/UI/底部UI/layer_002.png.import","move_review","replaced_bottom_hud_layers"
"assets/UI/顶部UI/layer_001.png","asset_review_delete/2026-07-21/replaced/current/assets/UI/顶部UI/layer_001.png","move_review","replaced_top_hud_layer"
"assets/UI/顶部UI/layer_001.png.import","asset_review_delete/2026-07-21/replaced/current/assets/UI/顶部UI/layer_001.png.import","move_review","replaced_top_hud_layer"
"assets/UI/技能及能量UI/layer_001.png","asset_review_delete/2026-07-21/replaced/current/assets/UI/技能及能量UI/layer_001.png","move_review","replaced_skill_energy_ui"
"assets/UI/技能及能量UI/layer_001.png.import","asset_review_delete/2026-07-21/replaced/current/assets/UI/技能及能量UI/layer_001.png.import","move_review","replaced_skill_energy_ui"
"assets/UI/技能及能量UI/layer_002.png","asset_review_delete/2026-07-21/replaced/current/assets/UI/技能及能量UI/layer_002.png","move_review","replaced_skill_energy_ui"
"assets/UI/技能及能量UI/layer_002.png.import","asset_review_delete/2026-07-21/replaced/current/assets/UI/技能及能量UI/layer_002.png.import","move_review","replaced_skill_energy_ui"
"assets/UI/技能及能量UI/layer_003.png","asset_review_delete/2026-07-21/replaced/current/assets/UI/技能及能量UI/layer_003.png","move_review","replaced_skill_energy_ui"
"assets/UI/技能及能量UI/layer_003.png.import","asset_review_delete/2026-07-21/replaced/current/assets/UI/技能及能量UI/layer_003.png.import","move_review","replaced_skill_energy_ui"
"assets/UI/技能及能量UI/layer_004.png","asset_review_delete/2026-07-21/replaced/current/assets/UI/技能及能量UI/layer_004.png","move_review","replaced_skill_energy_ui"
"assets/UI/技能及能量UI/layer_004.png.import","asset_review_delete/2026-07-21/replaced/current/assets/UI/技能及能量UI/layer_004.png.import","move_review","replaced_skill_energy_ui"
"assets/UI/技能及能量UI/layer_005.png","asset_review_delete/2026-07-21/replaced/current/assets/UI/技能及能量UI/layer_005.png","move_review","replaced_skill_energy_ui"
"assets/UI/技能及能量UI/layer_005.png.import","asset_review_delete/2026-07-21/replaced/current/assets/UI/技能及能量UI/layer_005.png.import","move_review","replaced_skill_energy_ui"
"assets/UI/技能及能量UI/layer_006.png","asset_review_delete/2026-07-21/replaced/current/assets/UI/技能及能量UI/layer_006.png","move_review","replaced_skill_energy_ui"
"assets/UI/技能及能量UI/layer_006.png.import","asset_review_delete/2026-07-21/replaced/current/assets/UI/技能及能量UI/layer_006.png.import","move_review","replaced_skill_energy_ui"
"assets/UI/技能及能量UI/卡牌图标.png","asset_review_delete/2026-07-21/replaced/current/assets/UI/技能及能量UI/卡牌图标.png","move_review","replaced_skill_energy_ui"
"assets/UI/技能及能量UI/卡牌图标.png.import","asset_review_delete/2026-07-21/replaced/current/assets/UI/技能及能量UI/卡牌图标.png.import","move_review","replaced_skill_energy_ui"
"assets/UI/技能及能量UI/效果图.png","asset_review_delete/2026-07-21/replaced/current/assets/UI/技能及能量UI/效果图.png","move_review","replaced_skill_energy_ui"
"assets/UI/技能及能量UI/效果图.png.import","asset_review_delete/2026-07-21/replaced/current/assets/UI/技能及能量UI/效果图.png.import","move_review","replaced_skill_energy_ui"
"assets/UI/棋盘印记/layer_003.png","asset_review_delete/2026-07-21/replaced/current/assets/UI/棋盘印记/layer_003.png","move_review","replaced_imprint_layer"
"assets/UI/棋盘印记/layer_003.png.import","asset_review_delete/2026-07-21/replaced/current/assets/UI/棋盘印记/layer_003.png.import","move_review","replaced_imprint_layer"
"assets/sliced_20260703_172750/board_panel.png","asset_review_delete/2026-07-21/replaced/restored_from_git/assets/sliced_20260703_172750/board_panel.png","restore_to_review","deleted_before_reorganization"
"assets/sliced_20260703_172750/board_panel.png.import","asset_review_delete/2026-07-21/replaced/restored_from_git/assets/sliced_20260703_172750/board_panel.png.import","restore_to_review","deleted_before_reorganization"
"assets/sliced_20260703_172750/core_blocks_split/_preview.png","asset_review_delete/2026-07-21/replaced/restored_from_git/assets/sliced_20260703_172750/core_blocks_split/_preview.png","restore_to_review","deleted_before_reorganization"
"assets/sliced_20260703_172750/core_blocks_split/_preview.png.import","asset_review_delete/2026-07-21/replaced/restored_from_git/assets/sliced_20260703_172750/core_blocks_split/_preview.png.import","restore_to_review","deleted_before_reorganization"
"assets/sliced_20260703_172750/core_blocks_split/blocks/block_blue.png","asset_review_delete/2026-07-21/replaced/restored_from_git/assets/sliced_20260703_172750/core_blocks_split/blocks/block_blue.png","restore_to_review","deleted_before_reorganization"
"assets/sliced_20260703_172750/core_blocks_split/blocks/block_blue.png.import","asset_review_delete/2026-07-21/replaced/restored_from_git/assets/sliced_20260703_172750/core_blocks_split/blocks/block_blue.png.import","restore_to_review","deleted_before_reorganization"
"assets/sliced_20260703_172750/core_blocks_split/blocks/block_green.png","asset_review_delete/2026-07-21/replaced/restored_from_git/assets/sliced_20260703_172750/core_blocks_split/blocks/block_green.png","restore_to_review","deleted_before_reorganization"
"assets/sliced_20260703_172750/core_blocks_split/blocks/block_green.png.import","asset_review_delete/2026-07-21/replaced/restored_from_git/assets/sliced_20260703_172750/core_blocks_split/blocks/block_green.png.import","restore_to_review","deleted_before_reorganization"
"assets/sliced_20260703_172750/core_blocks_split/blocks/block_purple.png","asset_review_delete/2026-07-21/replaced/restored_from_git/assets/sliced_20260703_172750/core_blocks_split/blocks/block_purple.png","restore_to_review","deleted_before_reorganization"
"assets/sliced_20260703_172750/core_blocks_split/blocks/block_purple.png.import","asset_review_delete/2026-07-21/replaced/restored_from_git/assets/sliced_20260703_172750/core_blocks_split/blocks/block_purple.png.import","restore_to_review","deleted_before_reorganization"
"assets/sliced_20260703_172750/core_blocks_split/blocks/block_red.png","asset_review_delete/2026-07-21/replaced/restored_from_git/assets/sliced_20260703_172750/core_blocks_split/blocks/block_red.png","restore_to_review","deleted_before_reorganization"
"assets/sliced_20260703_172750/core_blocks_split/blocks/block_red.png.import","asset_review_delete/2026-07-21/replaced/restored_from_git/assets/sliced_20260703_172750/core_blocks_split/blocks/block_red.png.import","restore_to_review","deleted_before_reorganization"
"assets/sliced_20260703_172750/core_blocks_split/blocks/block_yellow.png","asset_review_delete/2026-07-21/replaced/restored_from_git/assets/sliced_20260703_172750/core_blocks_split/blocks/block_yellow.png","restore_to_review","deleted_before_reorganization"
"assets/sliced_20260703_172750/core_blocks_split/blocks/block_yellow.png.import","asset_review_delete/2026-07-21/replaced/restored_from_git/assets/sliced_20260703_172750/core_blocks_split/blocks/block_yellow.png.import","restore_to_review","deleted_before_reorganization"
"assets/sliced_20260703_172750/core_blocks_split/blocks_304/block_blue.png","asset_review_delete/2026-07-21/replaced/restored_from_git/assets/sliced_20260703_172750/core_blocks_split/blocks_304/block_blue.png","restore_to_review","deleted_before_reorganization"
"assets/sliced_20260703_172750/core_blocks_split/blocks_304/block_blue.png.import","asset_review_delete/2026-07-21/replaced/restored_from_git/assets/sliced_20260703_172750/core_blocks_split/blocks_304/block_blue.png.import","restore_to_review","deleted_before_reorganization"
"assets/sliced_20260703_172750/core_blocks_split/blocks_304/block_green.png","asset_review_delete/2026-07-21/replaced/restored_from_git/assets/sliced_20260703_172750/core_blocks_split/blocks_304/block_green.png","restore_to_review","deleted_before_reorganization"
"assets/sliced_20260703_172750/core_blocks_split/blocks_304/block_green.png.import","asset_review_delete/2026-07-21/replaced/restored_from_git/assets/sliced_20260703_172750/core_blocks_split/blocks_304/block_green.png.import","restore_to_review","deleted_before_reorganization"
"assets/sliced_20260703_172750/core_blocks_split/blocks_304/block_purple.png","asset_review_delete/2026-07-21/replaced/restored_from_git/assets/sliced_20260703_172750/core_blocks_split/blocks_304/block_purple.png","restore_to_review","deleted_before_reorganization"
"assets/sliced_20260703_172750/core_blocks_split/blocks_304/block_purple.png.import","asset_review_delete/2026-07-21/replaced/restored_from_git/assets/sliced_20260703_172750/core_blocks_split/blocks_304/block_purple.png.import","restore_to_review","deleted_before_reorganization"
"assets/sliced_20260703_172750/core_blocks_split/blocks_304/block_red.png","asset_review_delete/2026-07-21/replaced/restored_from_git/assets/sliced_20260703_172750/core_blocks_split/blocks_304/block_red.png","restore_to_review","deleted_before_reorganization"
"assets/sliced_20260703_172750/core_blocks_split/blocks_304/block_red.png.import","asset_review_delete/2026-07-21/replaced/restored_from_git/assets/sliced_20260703_172750/core_blocks_split/blocks_304/block_red.png.import","restore_to_review","deleted_before_reorganization"
"assets/sliced_20260703_172750/core_blocks_split/blocks_304/block_yellow.png","asset_review_delete/2026-07-21/replaced/restored_from_git/assets/sliced_20260703_172750/core_blocks_split/blocks_304/block_yellow.png","restore_to_review","deleted_before_reorganization"
"assets/sliced_20260703_172750/core_blocks_split/blocks_304/block_yellow.png.import","asset_review_delete/2026-07-21/replaced/restored_from_git/assets/sliced_20260703_172750/core_blocks_split/blocks_304/block_yellow.png.import","restore_to_review","deleted_before_reorganization"
"assets/sliced_20260703_172750/core_blocks_split/manifest.json","asset_review_delete/2026-07-21/replaced/restored_from_git/assets/sliced_20260703_172750/core_blocks_split/manifest.json","restore_to_review","deleted_before_reorganization"
"assets/sliced_20260703_172750/crystal_shield.png","asset_review_delete/2026-07-21/replaced/restored_from_git/assets/sliced_20260703_172750/crystal_shield.png","restore_to_review","deleted_before_reorganization"
"assets/sliced_20260703_172750/crystal_shield.png.import","asset_review_delete/2026-07-21/replaced/restored_from_git/assets/sliced_20260703_172750/crystal_shield.png.import","restore_to_review","deleted_before_reorganization"
"assets/sliced_20260703_172750/crystal_tower.png","asset_review_delete/2026-07-21/replaced/restored_from_git/assets/sliced_20260703_172750/crystal_tower.png","restore_to_review","deleted_before_reorganization"
"assets/sliced_20260703_172750/crystal_tower.png.import","asset_review_delete/2026-07-21/replaced/restored_from_git/assets/sliced_20260703_172750/crystal_tower.png.import","restore_to_review","deleted_before_reorganization"
"assets/sliced_20260703_172750/decor_rock_01.png","asset_review_delete/2026-07-21/replaced/restored_from_git/assets/sliced_20260703_172750/decor_rock_01.png","restore_to_review","deleted_before_reorganization"
"assets/sliced_20260703_172750/decor_rock_01.png.import","asset_review_delete/2026-07-21/replaced/restored_from_git/assets/sliced_20260703_172750/decor_rock_01.png.import","restore_to_review","deleted_before_reorganization"
"assets/sliced_20260703_172750/decor_rock_02.png","asset_review_delete/2026-07-21/replaced/restored_from_git/assets/sliced_20260703_172750/decor_rock_02.png","restore_to_review","deleted_before_reorganization"
"assets/sliced_20260703_172750/decor_rock_02.png.import","asset_review_delete/2026-07-21/replaced/restored_from_git/assets/sliced_20260703_172750/decor_rock_02.png.import","restore_to_review","deleted_before_reorganization"
"assets/sliced_20260703_172750/decor_tree_02.png","asset_review_delete/2026-07-21/replaced/restored_from_git/assets/sliced_20260703_172750/decor_tree_02.png","restore_to_review","deleted_before_reorganization"
"assets/sliced_20260703_172750/decor_tree_02.png.import","asset_review_delete/2026-07-21/replaced/restored_from_git/assets/sliced_20260703_172750/decor_tree_02.png.import","restore_to_review","deleted_before_reorganization"
"assets/sliced_20260703_172750/endpoint_castle.png","asset_review_delete/2026-07-21/replaced/restored_from_git/assets/sliced_20260703_172750/endpoint_castle.png","restore_to_review","deleted_before_reorganization"
"assets/sliced_20260703_172750/endpoint_castle.png.import","asset_review_delete/2026-07-21/replaced/restored_from_git/assets/sliced_20260703_172750/endpoint_castle.png.import","restore_to_review","deleted_before_reorganization"
"assets/sliced_20260703_172750/endpoint_label.png","asset_review_delete/2026-07-21/replaced/restored_from_git/assets/sliced_20260703_172750/endpoint_label.png","restore_to_review","deleted_before_reorganization"
"assets/sliced_20260703_172750/endpoint_label.png.import","asset_review_delete/2026-07-21/replaced/restored_from_git/assets/sliced_20260703_172750/endpoint_label.png.import","restore_to_review","deleted_before_reorganization"
"assets/sliced_20260703_172750/entrance_gate.png","asset_review_delete/2026-07-21/replaced/restored_from_git/assets/sliced_20260703_172750/entrance_gate.png","restore_to_review","deleted_before_reorganization"
"assets/sliced_20260703_172750/entrance_gate.png.import","asset_review_delete/2026-07-21/replaced/restored_from_git/assets/sliced_20260703_172750/entrance_gate.png.import","restore_to_review","deleted_before_reorganization"
"assets/sliced_20260703_172750/entrance_label.png","asset_review_delete/2026-07-21/replaced/restored_from_git/assets/sliced_20260703_172750/entrance_label.png","restore_to_review","deleted_before_reorganization"
"assets/sliced_20260703_172750/entrance_label.png.import","asset_review_delete/2026-07-21/replaced/restored_from_git/assets/sliced_20260703_172750/entrance_label.png.import","restore_to_review","deleted_before_reorganization"
"assets/sliced_20260703_172750/game_scene_bg.jpg","asset_review_delete/2026-07-21/replaced/restored_from_git/assets/sliced_20260703_172750/game_scene_bg.jpg","restore_to_review","deleted_before_reorganization"
"assets/sliced_20260703_172750/game_scene_bg.jpg.import","asset_review_delete/2026-07-21/replaced/restored_from_git/assets/sliced_20260703_172750/game_scene_bg.jpg.import","restore_to_review","deleted_before_reorganization"
"assets/sliced_20260703_172750/heart_icon.png","asset_review_delete/2026-07-21/replaced/restored_from_git/assets/sliced_20260703_172750/heart_icon.png","restore_to_review","deleted_before_reorganization"
"assets/sliced_20260703_172750/heart_icon.png.import","asset_review_delete/2026-07-21/replaced/restored_from_git/assets/sliced_20260703_172750/heart_icon.png.import","restore_to_review","deleted_before_reorganization"
"assets/sliced_20260703_172750/merge_board_backplate.png","asset_review_delete/2026-07-21/replaced/restored_from_git/assets/sliced_20260703_172750/merge_board_backplate.png","restore_to_review","deleted_before_reorganization"
"assets/sliced_20260703_172750/merge_board_backplate.png.import","asset_review_delete/2026-07-21/replaced/restored_from_git/assets/sliced_20260703_172750/merge_board_backplate.png.import","restore_to_review","deleted_before_reorganization"
"assets/sliced_20260703_172750/mini_castle_icon.png","asset_review_delete/2026-07-21/replaced/restored_from_git/assets/sliced_20260703_172750/mini_castle_icon.png","restore_to_review","deleted_before_reorganization"
"assets/sliced_20260703_172750/mini_castle_icon.png.import","asset_review_delete/2026-07-21/replaced/restored_from_git/assets/sliced_20260703_172750/mini_castle_icon.png.import","restore_to_review","deleted_before_reorganization"
"assets/sliced_20260703_172750/monster_blue_idle.png","asset_review_delete/2026-07-21/replaced/restored_from_git/assets/sliced_20260703_172750/monster_blue_idle.png","restore_to_review","deleted_before_reorganization"
"assets/sliced_20260703_172750/monster_blue_idle.png.import","asset_review_delete/2026-07-21/replaced/restored_from_git/assets/sliced_20260703_172750/monster_blue_idle.png.import","restore_to_review","deleted_before_reorganization"
"assets/sliced_20260703_172750/monster_die_effect.png","asset_review_delete/2026-07-21/replaced/restored_from_git/assets/sliced_20260703_172750/monster_die_effect.png","restore_to_review","deleted_before_reorganization"
"assets/sliced_20260703_172750/monster_die_effect.png.import","asset_review_delete/2026-07-21/replaced/restored_from_git/assets/sliced_20260703_172750/monster_die_effect.png.import","restore_to_review","deleted_before_reorganization"
"assets/sliced_20260703_172750/monster_green_idle.png","asset_review_delete/2026-07-21/replaced/restored_from_git/assets/sliced_20260703_172750/monster_green_idle.png","restore_to_review","deleted_before_reorganization"
"assets/sliced_20260703_172750/monster_green_idle.png.import","asset_review_delete/2026-07-21/replaced/restored_from_git/assets/sliced_20260703_172750/monster_green_idle.png.import","restore_to_review","deleted_before_reorganization"
"assets/sliced_20260703_172750/monster_hit_effect.png","asset_review_delete/2026-07-21/replaced/restored_from_git/assets/sliced_20260703_172750/monster_hit_effect.png","restore_to_review","deleted_before_reorganization"
"assets/sliced_20260703_172750/monster_hit_effect.png.import","asset_review_delete/2026-07-21/replaced/restored_from_git/assets/sliced_20260703_172750/monster_hit_effect.png.import","restore_to_review","deleted_before_reorganization"
"assets/sliced_20260703_172750/monster_red_idle.png","asset_review_delete/2026-07-21/replaced/restored_from_git/assets/sliced_20260703_172750/monster_red_idle.png","restore_to_review","deleted_before_reorganization"
"assets/sliced_20260703_172750/monster_red_idle.png.import","asset_review_delete/2026-07-21/replaced/restored_from_git/assets/sliced_20260703_172750/monster_red_idle.png.import","restore_to_review","deleted_before_reorganization"
"assets/sliced_20260703_172750/monster_yellow_idle.png","asset_review_delete/2026-07-21/replaced/restored_from_git/assets/sliced_20260703_172750/monster_yellow_idle.png","restore_to_review","deleted_before_reorganization"
"assets/sliced_20260703_172750/monster_yellow_idle.png.import","asset_review_delete/2026-07-21/replaced/restored_from_git/assets/sliced_20260703_172750/monster_yellow_idle.png.import","restore_to_review","deleted_before_reorganization"
"assets/sliced_20260703_172750/monster_yellow_walk_01.png","asset_review_delete/2026-07-21/replaced/restored_from_git/assets/sliced_20260703_172750/monster_yellow_walk_01.png","restore_to_review","deleted_before_reorganization"
"assets/sliced_20260703_172750/monster_yellow_walk_01.png.import","asset_review_delete/2026-07-21/replaced/restored_from_git/assets/sliced_20260703_172750/monster_yellow_walk_01.png.import","restore_to_review","deleted_before_reorganization"
"assets/sliced_20260703_172750/monster_yellow_walk_02.png","asset_review_delete/2026-07-21/replaced/restored_from_git/assets/sliced_20260703_172750/monster_yellow_walk_02.png","restore_to_review","deleted_before_reorganization"
"assets/sliced_20260703_172750/monster_yellow_walk_02.png.import","asset_review_delete/2026-07-21/replaced/restored_from_git/assets/sliced_20260703_172750/monster_yellow_walk_02.png.import","restore_to_review","deleted_before_reorganization"
"assets/sliced_20260703_172750/monster_yellow_walk_03.png","asset_review_delete/2026-07-21/replaced/restored_from_git/assets/sliced_20260703_172750/monster_yellow_walk_03.png","restore_to_review","deleted_before_reorganization"
"assets/sliced_20260703_172750/monster_yellow_walk_03.png.import","asset_review_delete/2026-07-21/replaced/restored_from_git/assets/sliced_20260703_172750/monster_yellow_walk_03.png.import","restore_to_review","deleted_before_reorganization"
"assets/sliced_20260703_172750/setting_button_bg.png","asset_review_delete/2026-07-21/replaced/restored_from_git/assets/sliced_20260703_172750/setting_button_bg.png","restore_to_review","deleted_before_reorganization"
"assets/sliced_20260703_172750/setting_button_bg.png.import","asset_review_delete/2026-07-21/replaced/restored_from_git/assets/sliced_20260703_172750/setting_button_bg.png.import","restore_to_review","deleted_before_reorganization"
"assets/sliced_20260703_172750/setting_icon.png","asset_review_delete/2026-07-21/replaced/restored_from_git/assets/sliced_20260703_172750/setting_icon.png","restore_to_review","deleted_before_reorganization"
"assets/sliced_20260703_172750/setting_icon.png.import","asset_review_delete/2026-07-21/replaced/restored_from_git/assets/sliced_20260703_172750/setting_icon.png.import","restore_to_review","deleted_before_reorganization"
"assets/sliced_20260703_172750/shield_icon.png","asset_review_delete/2026-07-21/replaced/restored_from_git/assets/sliced_20260703_172750/shield_icon.png","restore_to_review","deleted_before_reorganization"
"assets/sliced_20260703_172750/shield_icon.png.import","asset_review_delete/2026-07-21/replaced/restored_from_git/assets/sliced_20260703_172750/shield_icon.png.import","restore_to_review","deleted_before_reorganization"
"assets/sliced_20260703_172750/tile_empty_slot.png","asset_review_delete/2026-07-21/replaced/restored_from_git/assets/sliced_20260703_172750/tile_empty_slot.png","restore_to_review","deleted_before_reorganization"
"assets/sliced_20260703_172750/tile_empty_slot.png.import","asset_review_delete/2026-07-21/replaced/restored_from_git/assets/sliced_20260703_172750/tile_empty_slot.png.import","restore_to_review","deleted_before_reorganization"
"assets/sliced_20260703_172750/tip_icon_bulb.png","asset_review_delete/2026-07-21/replaced/restored_from_git/assets/sliced_20260703_172750/tip_icon_bulb.png","restore_to_review","deleted_before_reorganization"
"assets/sliced_20260703_172750/tip_icon_bulb.png.import","asset_review_delete/2026-07-21/replaced/restored_from_git/assets/sliced_20260703_172750/tip_icon_bulb.png.import","restore_to_review","deleted_before_reorganization"
"assets/sliced_20260703_172750/tip_panel.png","asset_review_delete/2026-07-21/replaced/restored_from_git/assets/sliced_20260703_172750/tip_panel.png","restore_to_review","deleted_before_reorganization"
"assets/sliced_20260703_172750/tip_panel.png.import","asset_review_delete/2026-07-21/replaced/restored_from_git/assets/sliced_20260703_172750/tip_panel.png.import","restore_to_review","deleted_before_reorganization"
"assets/sliced_20260703_172750/top_status_panel.png","asset_review_delete/2026-07-21/replaced/restored_from_git/assets/sliced_20260703_172750/top_status_panel.png","restore_to_review","deleted_before_reorganization"
"assets/sliced_20260703_172750/top_status_panel.png.import","asset_review_delete/2026-07-21/replaced/restored_from_git/assets/sliced_20260703_172750/top_status_panel.png.import","restore_to_review","deleted_before_reorganization"
"assets/sliced_20260703_172750/wave_banner.png","asset_review_delete/2026-07-21/replaced/restored_from_git/assets/sliced_20260703_172750/wave_banner.png","restore_to_review","deleted_before_reorganization"
"assets/sliced_20260703_172750/wave_banner.png.import","asset_review_delete/2026-07-21/replaced/restored_from_git/assets/sliced_20260703_172750/wave_banner.png.import","restore_to_review","deleted_before_reorganization"
"assets/sliced_20260703_172750/wave_text_1.png","asset_review_delete/2026-07-21/replaced/restored_from_git/assets/sliced_20260703_172750/wave_text_1.png","restore_to_review","deleted_before_reorganization"
"assets/sliced_20260703_172750/wave_text_1.png.import","asset_review_delete/2026-07-21/replaced/restored_from_git/assets/sliced_20260703_172750/wave_text_1.png.import","restore_to_review","deleted_before_reorganization"
"assets/UI/loading/loading_background.jpg","asset_review_delete/2026-07-21/replaced/restored_from_git/assets/UI/loading/loading_background.jpg","restore_to_review","deleted_before_reorganization"
"assets/UI/loading/loading_background.jpg.import","asset_review_delete/2026-07-21/replaced/restored_from_git/assets/UI/loading/loading_background.jpg.import","restore_to_review","deleted_before_reorganization"
"assets/UI/loading/loading_crystal.png","asset_review_delete/2026-07-21/replaced/restored_from_git/assets/UI/loading/loading_crystal.png","restore_to_review","deleted_before_reorganization"
"assets/UI/loading/loading_crystal.png.import","asset_review_delete/2026-07-21/replaced/restored_from_git/assets/UI/loading/loading_crystal.png.import","restore_to_review","deleted_before_reorganization"
"assets/UI/loading/loading_die_1.png","asset_review_delete/2026-07-21/replaced/restored_from_git/assets/UI/loading/loading_die_1.png","restore_to_review","deleted_before_reorganization"
"assets/UI/loading/loading_die_1.png.import","asset_review_delete/2026-07-21/replaced/restored_from_git/assets/UI/loading/loading_die_1.png.import","restore_to_review","deleted_before_reorganization"
"assets/UI/loading/loading_die_2.png","asset_review_delete/2026-07-21/replaced/restored_from_git/assets/UI/loading/loading_die_2.png","restore_to_review","deleted_before_reorganization"
"assets/UI/loading/loading_die_2.png.import","asset_review_delete/2026-07-21/replaced/restored_from_git/assets/UI/loading/loading_die_2.png.import","restore_to_review","deleted_before_reorganization"
"assets/UI/loading/loading_die_3.png","asset_review_delete/2026-07-21/replaced/restored_from_git/assets/UI/loading/loading_die_3.png","restore_to_review","deleted_before_reorganization"
"assets/UI/loading/loading_die_3.png.import","asset_review_delete/2026-07-21/replaced/restored_from_git/assets/UI/loading/loading_die_3.png.import","restore_to_review","deleted_before_reorganization"
"assets/UI/loading/loading_die_4.png","asset_review_delete/2026-07-21/replaced/restored_from_git/assets/UI/loading/loading_die_4.png","restore_to_review","deleted_before_reorganization"
"assets/UI/loading/loading_die_4.png.import","asset_review_delete/2026-07-21/replaced/restored_from_git/assets/UI/loading/loading_die_4.png.import","restore_to_review","deleted_before_reorganization"
"assets/UI/loading/loading_die_5.png","asset_review_delete/2026-07-21/replaced/restored_from_git/assets/UI/loading/loading_die_5.png","restore_to_review","deleted_before_reorganization"
"assets/UI/loading/loading_die_5.png.import","asset_review_delete/2026-07-21/replaced/restored_from_git/assets/UI/loading/loading_die_5.png.import","restore_to_review","deleted_before_reorganization"
"assets/UI/loading/loading_logo.png","asset_review_delete/2026-07-21/replaced/restored_from_git/assets/UI/loading/loading_logo.png","restore_to_review","deleted_before_reorganization"
"assets/UI/loading/loading_logo.png.import","asset_review_delete/2026-07-21/replaced/restored_from_git/assets/UI/loading/loading_logo.png.import","restore_to_review","deleted_before_reorganization"
"assets/UI/loading/loading_monster.png","asset_review_delete/2026-07-21/replaced/restored_from_git/assets/UI/loading/loading_monster.png","restore_to_review","deleted_before_reorganization"
"assets/UI/loading/loading_monster.png.import","asset_review_delete/2026-07-21/replaced/restored_from_git/assets/UI/loading/loading_monster.png.import","restore_to_review","deleted_before_reorganization"
"assets/UI/loading/loading_play_button.png","asset_review_delete/2026-07-21/replaced/restored_from_git/assets/UI/loading/loading_play_button.png","restore_to_review","deleted_before_reorganization"
"assets/UI/loading/loading_play_button.png.import","asset_review_delete/2026-07-21/replaced/restored_from_git/assets/UI/loading/loading_play_button.png.import","restore_to_review","deleted_before_reorganization"
"assets/UI/技能选择/layer_002.png","asset_review_delete/2026-07-21/replaced/restored_from_git/assets/UI/技能选择/layer_002.png","restore_to_review","deleted_before_reorganization"
"assets/UI/技能选择/layer_002.png.import","asset_review_delete/2026-07-21/replaced/restored_from_git/assets/UI/技能选择/layer_002.png.import","restore_to_review","deleted_before_reorganization"
