old_path,new_path,ownership_type,interface_or_component,atlas_group,packing_policy,notes_cn
assets/runtime/ui/battle/blocks/atlas_regions/block_blue.tres,assets/runtime/ui/components/board_tiles/atlas_regions/block_blue.tres,component,board_tiles,atlas_ui_component_board_tiles,EXISTING_ATLAS_REGION,现有 AtlasTexture 区域资源；必须与图集原图及消费者引用原子迁移。
assets/runtime/ui/battle/blocks/atlas_regions/block_green.tres,assets/runtime/ui/components/board_tiles/atlas_regions/block_green.tres,component,board_tiles,atlas_ui_component_board_tiles,EXISTING_ATLAS_REGION,现有 AtlasTexture 区域资源；必须与图集原图及消费者引用原子迁移。
assets/runtime/ui/battle/blocks/atlas_regions/block_purple.tres,assets/runtime/ui/components/board_tiles/atlas_regions/block_purple.tres,component,board_tiles,atlas_ui_component_board_tiles,EXISTING_ATLAS_REGION,现有 AtlasTexture 区域资源；必须与图集原图及消费者引用原子迁移。
assets/runtime/ui/battle/blocks/atlas_regions/block_red.tres,assets/runtime/ui/components/board_tiles/atlas_regions/block_red.tres,component,board_tiles,atlas_ui_component_board_tiles,EXISTING_ATLAS_REGION,现有 AtlasTexture 区域资源；必须与图集原图及消费者引用原子迁移。
assets/runtime/ui/battle/blocks/atlas_regions/block_yellow.tres,assets/runtime/ui/components/board_tiles/atlas_regions/block_yellow.tres,component,board_tiles,atlas_ui_component_board_tiles,EXISTING_ATLAS_REGION,现有 AtlasTexture 区域资源；必须与图集原图及消费者引用原子迁移。
assets/runtime/ui/battle/blocks/atlases/block_tiles_sheet.png,assets/runtime/ui/components/board_tiles/atlases/block_tiles_sheet.png,component,board_tiles,atlas_ui_component_board_tiles,EXISTING_ATLAS_SHEET,现有运行图集原图；必须与全部 AtlasTexture 区域资源原子迁移。
assets/runtime/ui/battle/board/imprints/combat_skill_placeholder.png,assets/runtime/ui/interfaces/battle/energy_hud/icons/combat_skill_placeholder.png,interface,battle,atlas_ui_interface_battle,PACK_CANDIDATE,按当前真实消费者归入对应界面或共用模块。
assets/runtime/ui/battle/board/text/atlas_regions/letter_a.tres,assets/runtime/ui/components/board_glyphs/atlas_regions/letter_a.tres,component,board_glyphs,atlas_ui_component_board_glyphs,EXISTING_ATLAS_REGION,现有 AtlasTexture 区域资源；必须与图集原图及消费者引用原子迁移。
assets/runtime/ui/battle/board/text/atlas_regions/letter_b.tres,assets/runtime/ui/components/board_glyphs/atlas_regions/letter_b.tres,component,board_glyphs,atlas_ui_component_board_glyphs,EXISTING_ATLAS_REGION,现有 AtlasTexture 区域资源；必须与图集原图及消费者引用原子迁移。
assets/runtime/ui/battle/board/text/atlas_regions/letter_c.tres,assets/runtime/ui/components/board_glyphs/atlas_regions/letter_c.tres,component,board_glyphs,atlas_ui_component_board_glyphs,EXISTING_ATLAS_REGION,现有 AtlasTexture 区域资源；必须与图集原图及消费者引用原子迁移。
assets/runtime/ui/battle/board/text/atlas_regions/letter_d.tres,assets/runtime/ui/components/board_glyphs/atlas_regions/letter_d.tres,component,board_glyphs,atlas_ui_component_board_glyphs,EXISTING_ATLAS_REGION,现有 AtlasTexture 区域资源；必须与图集原图及消费者引用原子迁移。
assets/runtime/ui/battle/board/text/atlas_regions/letter_e.tres,assets/runtime/ui/components/board_glyphs/atlas_regions/letter_e.tres,component,board_glyphs,atlas_ui_component_board_glyphs,EXISTING_ATLAS_REGION,现有 AtlasTexture 区域资源；必须与图集原图及消费者引用原子迁移。
assets/runtime/ui/battle/board/text/atlas_regions/letter_f.tres,assets/runtime/ui/components/board_glyphs/atlas_regions/letter_f.tres,component,board_glyphs,atlas_ui_component_board_glyphs,EXISTING_ATLAS_REGION,现有 AtlasTexture 区域资源；必须与图集原图及消费者引用原子迁移。
assets/runtime/ui/battle/board/text/atlas_regions/letter_g.tres,assets/runtime/ui/components/board_glyphs/atlas_regions/letter_g.tres,component,board_glyphs,atlas_ui_component_board_glyphs,EXISTING_ATLAS_REGION,现有 AtlasTexture 区域资源；必须与图集原图及消费者引用原子迁移。
assets/runtime/ui/battle/board/text/atlas_regions/letter_h.tres,assets/runtime/ui/components/board_glyphs/atlas_regions/letter_h.tres,component,board_glyphs,atlas_ui_component_board_glyphs,EXISTING_ATLAS_REGION,现有 AtlasTexture 区域资源；必须与图集原图及消费者引用原子迁移。
assets/runtime/ui/battle/board/text/atlas_regions/letter_i.tres,assets/runtime/ui/components/board_glyphs/atlas_regions/letter_i.tres,component,board_glyphs,atlas_ui_component_board_glyphs,EXISTING_ATLAS_REGION,现有 AtlasTexture 区域资源；必须与图集原图及消费者引用原子迁移。
assets/runtime/ui/battle/board/text/atlas_regions/letter_j.tres,assets/runtime/ui/components/board_glyphs/atlas_regions/letter_j.tres,component,board_glyphs,atlas_ui_component_board_glyphs,EXISTING_ATLAS_REGION,现有 AtlasTexture 区域资源；必须与图集原图及消费者引用原子迁移。
assets/runtime/ui/battle/board/text/atlas_regions/letter_k.tres,assets/runtime/ui/components/board_glyphs/atlas_regions/letter_k.tres,component,board_glyphs,atlas_ui_component_board_glyphs,EXISTING_ATLAS_REGION,现有 AtlasTexture 区域资源；必须与图集原图及消费者引用原子迁移。
assets/runtime/ui/battle/board/text/atlas_regions/letter_l.tres,assets/runtime/ui/components/board_glyphs/atlas_regions/letter_l.tres,component,board_glyphs,atlas_ui_component_board_glyphs,EXISTING_ATLAS_REGION,现有 AtlasTexture 区域资源；必须与图集原图及消费者引用原子迁移。
assets/runtime/ui/battle/board/text/atlas_regions/letter_m.tres,assets/runtime/ui/components/board_glyphs/atlas_regions/letter_m.tres,component,board_glyphs,atlas_ui_component_board_glyphs,EXISTING_ATLAS_REGION,现有 AtlasTexture 区域资源；必须与图集原图及消费者引用原子迁移。
assets/runtime/ui/battle/board/text/atlas_regions/letter_n.tres,assets/runtime/ui/components/board_glyphs/atlas_regions/letter_n.tres,component,board_glyphs,atlas_ui_component_board_glyphs,EXISTING_ATLAS_REGION,现有 AtlasTexture 区域资源；必须与图集原图及消费者引用原子迁移。
assets/runtime/ui/battle/board/text/atlas_regions/letter_o.tres,assets/runtime/ui/components/board_glyphs/atlas_regions/letter_o.tres,component,board_glyphs,atlas_ui_component_board_glyphs,EXISTING_ATLAS_REGION,现有 AtlasTexture 区域资源；必须与图集原图及消费者引用原子迁移。
assets/runtime/ui/battle/board/text/atlas_regions/letter_p.tres,assets/runtime/ui/components/board_glyphs/atlas_regions/letter_p.tres,component,board_glyphs,atlas_ui_component_board_glyphs,EXISTING_ATLAS_REGION,现有 AtlasTexture 区域资源；必须与图集原图及消费者引用原子迁移。
assets/runtime/ui/battle/board/text/atlas_regions/letter_q.tres,assets/runtime/ui/components/board_glyphs/atlas_regions/letter_q.tres,component,board_glyphs,atlas_ui_component_board_glyphs,EXISTING_ATLAS_REGION,现有 AtlasTexture 区域资源；必须与图集原图及消费者引用原子迁移。
assets/runtime/ui/battle/board/text/atlas_regions/letter_r.tres,assets/runtime/ui/components/board_glyphs/atlas_regions/letter_r.tres,component,board_glyphs,atlas_ui_component_board_glyphs,EXISTING_ATLAS_REGION,现有 AtlasTexture 区域资源；必须与图集原图及消费者引用原子迁移。
assets/runtime/ui/battle/board/text/atlas_regions/letter_s.tres,assets/runtime/ui/components/board_glyphs/atlas_regions/letter_s.tres,component,board_glyphs,atlas_ui_component_board_glyphs,EXISTING_ATLAS_REGION,现有 AtlasTexture 区域资源；必须与图集原图及消费者引用原子迁移。
assets/runtime/ui/battle/board/text/atlas_regions/letter_t.tres,assets/runtime/ui/components/board_glyphs/atlas_regions/letter_t.tres,component,board_glyphs,atlas_ui_component_board_glyphs,EXISTING_ATLAS_REGION,现有 AtlasTexture 区域资源；必须与图集原图及消费者引用原子迁移。
assets/runtime/ui/battle/board/text/atlas_regions/letter_u.tres,assets/runtime/ui/components/board_glyphs/atlas_regions/letter_u.tres,component,board_glyphs,atlas_ui_component_board_glyphs,EXISTING_ATLAS_REGION,现有 AtlasTexture 区域资源；必须与图集原图及消费者引用原子迁移。
assets/runtime/ui/battle/board/text/atlas_regions/letter_v.tres,assets/runtime/ui/components/board_glyphs/atlas_regions/letter_v.tres,component,board_glyphs,atlas_ui_component_board_glyphs,EXISTING_ATLAS_REGION,现有 AtlasTexture 区域资源；必须与图集原图及消费者引用原子迁移。
assets/runtime/ui/battle/board/text/atlas_regions/letter_w.tres,assets/runtime/ui/components/board_glyphs/atlas_regions/letter_w.tres,component,board_glyphs,atlas_ui_component_board_glyphs,EXISTING_ATLAS_REGION,现有 AtlasTexture 区域资源；必须与图集原图及消费者引用原子迁移。
assets/runtime/ui/battle/board/text/atlas_regions/letter_x.tres,assets/runtime/ui/components/board_glyphs/atlas_regions/letter_x.tres,component,board_glyphs,atlas_ui_component_board_glyphs,EXISTING_ATLAS_REGION,现有 AtlasTexture 区域资源；必须与图集原图及消费者引用原子迁移。
assets/runtime/ui/battle/board/text/atlas_regions/letter_y.tres,assets/runtime/ui/components/board_glyphs/atlas_regions/letter_y.tres,component,board_glyphs,atlas_ui_component_board_glyphs,EXISTING_ATLAS_REGION,现有 AtlasTexture 区域资源；必须与图集原图及消费者引用原子迁移。
assets/runtime/ui/battle/board/text/atlas_regions/letter_z.tres,assets/runtime/ui/components/board_glyphs/atlas_regions/letter_z.tres,component,board_glyphs,atlas_ui_component_board_glyphs,EXISTING_ATLAS_REGION,现有 AtlasTexture 区域资源；必须与图集原图及消费者引用原子迁移。
assets/runtime/ui/battle/board/text/atlas_regions/number_1.tres,assets/runtime/ui/components/board_glyphs/atlas_regions/number_1.tres,component,board_glyphs,atlas_ui_component_board_glyphs,EXISTING_ATLAS_REGION,现有 AtlasTexture 区域资源；必须与图集原图及消费者引用原子迁移。
assets/runtime/ui/battle/board/text/atlas_regions/number_10.tres,assets/runtime/ui/components/board_glyphs/atlas_regions/number_10.tres,component,board_glyphs,atlas_ui_component_board_glyphs,EXISTING_ATLAS_REGION,现有 AtlasTexture 区域资源；必须与图集原图及消费者引用原子迁移。
assets/runtime/ui/battle/board/text/atlas_regions/number_2.tres,assets/runtime/ui/components/board_glyphs/atlas_regions/number_2.tres,component,board_glyphs,atlas_ui_component_board_glyphs,EXISTING_ATLAS_REGION,现有 AtlasTexture 区域资源；必须与图集原图及消费者引用原子迁移。
assets/runtime/ui/battle/board/text/atlas_regions/number_3.tres,assets/runtime/ui/components/board_glyphs/atlas_regions/number_3.tres,component,board_glyphs,atlas_ui_component_board_glyphs,EXISTING_ATLAS_REGION,现有 AtlasTexture 区域资源；必须与图集原图及消费者引用原子迁移。
assets/runtime/ui/battle/board/text/atlas_regions/number_4.tres,assets/runtime/ui/components/board_glyphs/atlas_regions/number_4.tres,component,board_glyphs,atlas_ui_component_board_glyphs,EXISTING_ATLAS_REGION,现有 AtlasTexture 区域资源；必须与图集原图及消费者引用原子迁移。
assets/runtime/ui/battle/board/text/atlas_regions/number_5.tres,assets/runtime/ui/components/board_glyphs/atlas_regions/number_5.tres,component,board_glyphs,atlas_ui_component_board_glyphs,EXISTING_ATLAS_REGION,现有 AtlasTexture 区域资源；必须与图集原图及消费者引用原子迁移。
assets/runtime/ui/battle/board/text/atlas_regions/number_6.tres,assets/runtime/ui/components/board_glyphs/atlas_regions/number_6.tres,component,board_glyphs,atlas_ui_component_board_glyphs,EXISTING_ATLAS_REGION,现有 AtlasTexture 区域资源；必须与图集原图及消费者引用原子迁移。
assets/runtime/ui/battle/board/text/atlas_regions/number_7.tres,assets/runtime/ui/components/board_glyphs/atlas_regions/number_7.tres,component,board_glyphs,atlas_ui_component_board_glyphs,EXISTING_ATLAS_REGION,现有 AtlasTexture 区域资源；必须与图集原图及消费者引用原子迁移。
assets/runtime/ui/battle/board/text/atlas_regions/number_8.tres,assets/runtime/ui/components/board_glyphs/atlas_regions/number_8.tres,component,board_glyphs,atlas_ui_component_board_glyphs,EXISTING_ATLAS_REGION,现有 AtlasTexture 区域资源；必须与图集原图及消费者引用原子迁移。
assets/runtime/ui/battle/board/text/atlas_regions/number_9.tres,assets/runtime/ui/components/board_glyphs/atlas_regions/number_9.tres,component,board_glyphs,atlas_ui_component_board_glyphs,EXISTING_ATLAS_REGION,现有 AtlasTexture 区域资源；必须与图集原图及消费者引用原子迁移。
assets/runtime/ui/battle/board/text/atlases/block_glyphs_sheet.png,assets/runtime/ui/components/board_glyphs/atlases/block_glyphs_sheet.png,component,board_glyphs,atlas_ui_component_board_glyphs,EXISTING_ATLAS_SHEET,现有运行图集原图；必须与全部 AtlasTexture 区域资源原子迁移。
assets/runtime/ui/battle/core/crystal_v2/crystal_tower_lv01.png,assets/runtime/ui/components/crystal_tower/textures/crystal_tower_lv01.png,component,crystal_tower,atlas_ui_component_crystal_tower,STANDALONE,水晶塔等级序列是跨战斗流程复用的玩法组件，保持逐级独立替换。
assets/runtime/ui/battle/core/crystal_v2/crystal_tower_lv02.png,assets/runtime/ui/components/crystal_tower/textures/crystal_tower_lv02.png,component,crystal_tower,atlas_ui_component_crystal_tower,STANDALONE,水晶塔等级序列是跨战斗流程复用的玩法组件，保持逐级独立替换。
assets/runtime/ui/battle/core/crystal_v2/crystal_tower_lv03.png,assets/runtime/ui/components/crystal_tower/textures/crystal_tower_lv03.png,component,crystal_tower,atlas_ui_component_crystal_tower,STANDALONE,水晶塔等级序列是跨战斗流程复用的玩法组件，保持逐级独立替换。
assets/runtime/ui/battle/core/crystal_v2/crystal_tower_lv04.png,assets/runtime/ui/components/crystal_tower/textures/crystal_tower_lv04.png,component,crystal_tower,atlas_ui_component_crystal_tower,STANDALONE,水晶塔等级序列是跨战斗流程复用的玩法组件，保持逐级独立替换。
assets/runtime/ui/battle/core/crystal_v2/crystal_tower_lv05.png,assets/runtime/ui/components/crystal_tower/textures/crystal_tower_lv05.png,component,crystal_tower,atlas_ui_component_crystal_tower,STANDALONE,水晶塔等级序列是跨战斗流程复用的玩法组件，保持逐级独立替换。
assets/runtime/ui/battle/core/crystal_v2/crystal_tower_lv06.png,assets/runtime/ui/components/crystal_tower/textures/crystal_tower_lv06.png,component,crystal_tower,atlas_ui_component_crystal_tower,STANDALONE,水晶塔等级序列是跨战斗流程复用的玩法组件，保持逐级独立替换。
assets/runtime/ui/battle/core/crystal_v2/crystal_tower_lv07.png,assets/runtime/ui/components/crystal_tower/textures/crystal_tower_lv07.png,component,crystal_tower,atlas_ui_component_crystal_tower,STANDALONE,水晶塔等级序列是跨战斗流程复用的玩法组件，保持逐级独立替换。
assets/runtime/ui/battle/core/crystal_v2/crystal_tower_lv08.png,assets/runtime/ui/components/crystal_tower/textures/crystal_tower_lv08.png,component,crystal_tower,atlas_ui_component_crystal_tower,STANDALONE,水晶塔等级序列是跨战斗流程复用的玩法组件，保持逐级独立替换。
assets/runtime/ui/battle/core/crystal_v2/crystal_tower_lv09.png,assets/runtime/ui/components/crystal_tower/textures/crystal_tower_lv09.png,component,crystal_tower,atlas_ui_component_crystal_tower,STANDALONE,水晶塔等级序列是跨战斗流程复用的玩法组件，保持逐级独立替换。
assets/runtime/ui/battle/core/guaiwmendong.png,assets/runtime/ui/interfaces/battle/standalone/monster_gate.png,interface,battle,atlas_ui_interface_battle,STANDALONE,战斗世界大图；同时将中文/拼音旧名称改为明确英文功能名。
assets/runtime/ui/battle/core/背景.png,assets/runtime/ui/interfaces/battle/standalone/battle_background.png,interface,battle,atlas_ui_interface_battle,STANDALONE,战斗世界大图；同时将中文/拼音旧名称改为明确英文功能名。
assets/runtime/ui/battle/core/路径.png,assets/runtime/ui/interfaces/battle/standalone/monster_path.png,interface,battle,atlas_ui_interface_battle,STANDALONE,战斗世界大图；同时将中文/拼音旧名称改为明确英文功能名。
assets/runtime/ui/battle/prompts/icon_critical.png,assets/runtime/ui/interfaces/battle/combat_feedback/icons/icon_critical.png,interface,battle,atlas_ui_interface_battle,PACK_CANDIDATE,按当前真实消费者归入对应界面或共用模块。
assets/runtime/ui/battle/prompts/icon_fire.png,assets/runtime/ui/interfaces/battle/combat_feedback/icons/icon_fire.png,interface,battle,atlas_ui_interface_battle,PACK_CANDIDATE,按当前真实消费者归入对应界面或共用模块。
assets/runtime/ui/battle/prompts/icon_ice.png,assets/runtime/ui/interfaces/battle/combat_feedback/icons/icon_ice.png,interface,battle,atlas_ui_interface_battle,PACK_CANDIDATE,按当前真实消费者归入对应界面或共用模块。
assets/runtime/ui/battle/prompts/icon_lightning.png,assets/runtime/ui/interfaces/battle/combat_feedback/icons/icon_lightning.png,interface,battle,atlas_ui_interface_battle,PACK_CANDIDATE,按当前真实消费者归入对应界面或共用模块。
assets/runtime/ui/battle/prompts/icon_poison.png,assets/runtime/ui/interfaces/battle/combat_feedback/icons/icon_poison.png,interface,battle,atlas_ui_interface_battle,PACK_CANDIDATE,按当前真实消费者归入对应界面或共用模块。
assets/runtime/ui/battle/prompts/imprint_choice_v2/ui_badge_new_blank_128x120_2x_v01.png,assets/runtime/ui/interfaces/imprint_choice/decorations/ui_badge_new_blank_128x120_2x_v01.png,interface,imprint_choice,atlas_ui_interface_imprint_choice,PACK_CANDIDATE,按当前真实消费者归入对应界面或共用模块。
assets/runtime/ui/battle/prompts/imprint_choice_v2/ui_button_ad_unlock_blank_316x92_2x_v01.png,assets/runtime/ui/interfaces/imprint_choice/buttons/ui_button_ad_unlock_blank_316x92_2x_v01.png,interface,imprint_choice,atlas_ui_interface_imprint_choice,PACK_CANDIDATE,按当前真实消费者归入对应界面或共用模块。
assets/runtime/ui/battle/prompts/imprint_choice_v2/ui_button_confirm_blank_330x120_2x_v01.png,assets/runtime/ui/interfaces/imprint_choice/buttons/ui_button_confirm_blank_330x120_2x_v01.png,interface,imprint_choice,atlas_ui_interface_imprint_choice,PACK_CANDIDATE,按当前真实消费者归入对应界面或共用模块。
assets/runtime/ui/battle/prompts/imprint_choice_v2/ui_item_card_blank_300x636_2x_v01.png,assets/runtime/ui/interfaces/imprint_choice/backplates/ui_item_card_blank_300x636_2x_v01.png,interface,imprint_choice,atlas_ui_interface_imprint_choice,PACK_CANDIDATE,按当前真实消费者归入对应界面或共用模块。
assets/runtime/ui/battle/prompts/imprint_choice_v2/ui_title_banner_blank_304x52_v01.png,assets/runtime/ui/interfaces/imprint_choice/decorations/ui_title_banner_blank_304x52_v01.png,interface,imprint_choice,atlas_ui_interface_imprint_choice,PACK_CANDIDATE,按当前真实消费者归入对应界面或共用模块。
assets/runtime/ui/battle/prompts/level_complete_v2/crystal_divider.png,assets/runtime/ui/interfaces/chapter_node_complete/decorations/crystal_divider.png,interface,chapter_node_complete,atlas_ui_interface_chapter_node_complete,PACK_CANDIDATE,按当前真实消费者归入对应界面或共用模块。
assets/runtime/ui/battle/prompts/level_complete_v2/popup_panel.png,assets/runtime/ui/interfaces/chapter_node_complete/backplates/popup_panel.png,interface,chapter_node_complete,atlas_ui_interface_chapter_node_complete,PACK_CANDIDATE,按当前真实消费者归入对应界面或共用模块。
assets/runtime/ui/battle/prompts/level_complete_v2/primary_button.png,assets/runtime/ui/interfaces/chapter_node_complete/buttons/primary_button.png,interface,chapter_node_complete,atlas_ui_interface_chapter_node_complete,PACK_CANDIDATE,按当前真实消费者归入对应界面或共用模块。
assets/runtime/ui/battle/prompts/level_complete_v2/title_plaque.png,assets/runtime/ui/interfaces/chapter_node_complete/decorations/title_plaque.png,interface,chapter_node_complete,atlas_ui_interface_chapter_node_complete,PACK_CANDIDATE,按当前真实消费者归入对应界面或共用模块。
assets/runtime/ui/battle/prompts/prompt_panel.png,assets/runtime/ui/interfaces/battle/combat_feedback/backplates/prompt_panel.png,interface,battle,atlas_ui_interface_battle,PACK_CANDIDATE,按当前真实消费者归入对应界面或共用模块。
assets/runtime/ui/battle/tutorial/icon_crystal_awakening_level_01.png,assets/runtime/ui/interfaces/battle/tutorial/icons/icon_crystal_awakening_level_01.png,interface,battle,atlas_ui_interface_battle,PACK_CANDIDATE,按当前真实消费者归入对应界面或共用模块。
assets/runtime/ui/benefits_popup_v01/backplates/benefits_button_entitled_v01.png,assets/runtime/ui/interfaces/benefits/backplates/benefits_button_entitled_v01.png,interface,benefits,atlas_ui_interface_benefits,PACK_CANDIDATE,按当前真实消费者归入对应界面或共用模块。
assets/runtime/ui/benefits_popup_v01/backplates/benefits_button_purchase_v01.png,assets/runtime/ui/interfaces/benefits/backplates/benefits_button_purchase_v01.png,interface,benefits,atlas_ui_interface_benefits,PACK_CANDIDATE,按当前真实消费者归入对应界面或共用模块。
assets/runtime/ui/benefits_popup_v01/backplates/benefits_offer_card_v01.png,assets/runtime/ui/interfaces/benefits/backplates/benefits_offer_card_v01.png,interface,benefits,atlas_ui_interface_benefits,PACK_CANDIDATE,按当前真实消费者归入对应界面或共用模块。
assets/runtime/ui/benefits_popup_v01/backplates/benefits_popup_shell_fixed_v01.png,assets/runtime/ui/interfaces/benefits/backplates/benefits_popup_shell_fixed_v01.png,interface,benefits,atlas_ui_interface_benefits,PACK_CANDIDATE,按当前真实消费者归入对应界面或共用模块。
assets/runtime/ui/benefits_popup_v01/backplates/benefits_title_ribbon_v01.png,assets/runtime/ui/interfaces/benefits/backplates/benefits_title_ribbon_v01.png,interface,benefits,atlas_ui_interface_benefits,PACK_CANDIDATE,按当前真实消费者归入对应界面或共用模块。
assets/runtime/ui/benefits_popup_v01/icons/benefits_icon_coin_stack_v01.png,assets/runtime/ui/interfaces/benefits/icons/benefits_icon_coin_stack_v01.png,interface,benefits,atlas_ui_interface_benefits,PACK_CANDIDATE,按当前真实消费者归入对应界面或共用模块。
assets/runtime/ui/benefits_popup_v01/icons/benefits_icon_no_ad_base_v01.png,assets/runtime/ui/interfaces/benefits/icons/benefits_icon_no_ad_base_v01.png,interface,benefits,atlas_ui_interface_benefits,PACK_CANDIDATE,按当前真实消费者归入对应界面或共用模块。
assets/runtime/ui/benefits_popup_v01/icons/benefits_icon_shield_star_v01.png,assets/runtime/ui/interfaces/benefits/icons/benefits_icon_shield_star_v01.png,interface,benefits,atlas_ui_interface_benefits,PACK_CANDIDATE,按当前真实消费者归入对应界面或共用模块。
assets/runtime/ui/cards/atlas_regions/ascension_hammer.tres,assets/runtime/ui/components/card_icons/atlas_regions/ascension_hammer.tres,component,card_icons,atlas_ui_component_card_icons,EXISTING_ATLAS_REGION,现有 AtlasTexture 区域资源；必须与图集原图及消费者引用原子迁移。
assets/runtime/ui/cards/atlas_regions/castle_cannon.tres,assets/runtime/ui/components/card_icons/atlas_regions/castle_cannon.tres,component,card_icons,atlas_ui_component_card_icons,EXISTING_ATLAS_REGION,现有 AtlasTexture 区域资源；必须与图集原图及消费者引用原子迁移。
assets/runtime/ui/cards/atlas_regions/dragon_catapult.tres,assets/runtime/ui/components/card_icons/atlas_regions/dragon_catapult.tres,component,card_icons,atlas_ui_component_card_icons,EXISTING_ATLAS_REGION,现有 AtlasTexture 区域资源；必须与图集原图及消费者引用原子迁移。
assets/runtime/ui/cards/atlas_regions/fate_shuffler.tres,assets/runtime/ui/components/card_icons/atlas_regions/fate_shuffler.tres,component,card_icons,atlas_ui_component_card_icons,EXISTING_ATLAS_REGION,现有 AtlasTexture 区域资源；必须与图集原图及消费者引用原子迁移。
assets/runtime/ui/cards/atlas_regions/fire_conduit.tres,assets/runtime/ui/components/card_icons/atlas_regions/fire_conduit.tres,component,card_icons,atlas_ui_component_card_icons,EXISTING_ATLAS_REGION,现有 AtlasTexture 区域资源；必须与图集原图及消费者引用原子迁移。
assets/runtime/ui/cards/atlas_regions/frost_bell.tres,assets/runtime/ui/components/card_icons/atlas_regions/frost_bell.tres,component,card_icons,atlas_ui_component_card_icons,EXISTING_ATLAS_REGION,现有 AtlasTexture 区域资源；必须与图集原图及消费者引用原子迁移。
assets/runtime/ui/cards/atlas_regions/frost_prism.tres,assets/runtime/ui/components/card_icons/atlas_regions/frost_prism.tres,component,card_icons,atlas_ui_component_card_icons,EXISTING_ATLAS_REGION,现有 AtlasTexture 区域资源；必须与图集原图及消费者引用原子迁移。
assets/runtime/ui/cards/atlas_regions/piercing_cannon.tres,assets/runtime/ui/components/card_icons/atlas_regions/piercing_cannon.tres,component,card_icons,atlas_ui_component_card_icons,EXISTING_ATLAS_REGION,现有 AtlasTexture 区域资源；必须与图集原图及消费者引用原子迁移。
assets/runtime/ui/cards/atlas_regions/poison_tank.tres,assets/runtime/ui/components/card_icons/atlas_regions/poison_tank.tres,component,card_icons,atlas_ui_component_card_icons,EXISTING_ATLAS_REGION,现有 AtlasTexture 区域资源；必须与图集原图及消费者引用原子迁移。
assets/runtime/ui/cards/atlas_regions/rapid_clockwork.tres,assets/runtime/ui/components/card_icons/atlas_regions/rapid_clockwork.tres,component,card_icons,atlas_ui_component_card_icons,EXISTING_ATLAS_REGION,现有 AtlasTexture 区域资源；必须与图集原图及消费者引用原子迁移。
assets/runtime/ui/cards/atlas_regions/star_boiler.tres,assets/runtime/ui/components/card_icons/atlas_regions/star_boiler.tres,component,card_icons,atlas_ui_component_card_icons,EXISTING_ATLAS_REGION,现有 AtlasTexture 区域资源；必须与图集原图及消费者引用原子迁移。
assets/runtime/ui/cards/atlas_regions/thunder_ballista.tres,assets/runtime/ui/components/card_icons/atlas_regions/thunder_ballista.tres,component,card_icons,atlas_ui_component_card_icons,EXISTING_ATLAS_REGION,现有 AtlasTexture 区域资源；必须与图集原图及消费者引用原子迁移。
assets/runtime/ui/cards/atlas_regions/thunder_spire.tres,assets/runtime/ui/components/card_icons/atlas_regions/thunder_spire.tres,component,card_icons,atlas_ui_component_card_icons,EXISTING_ATLAS_REGION,现有 AtlasTexture 区域资源；必须与图集原图及消费者引用原子迁移。
assets/runtime/ui/cards/atlas_regions/twin_lens.tres,assets/runtime/ui/components/card_icons/atlas_regions/twin_lens.tres,component,card_icons,atlas_ui_component_card_icons,EXISTING_ATLAS_REGION,现有 AtlasTexture 区域资源；必须与图集原图及消费者引用原子迁移。
assets/runtime/ui/cards/atlas_regions/twin_mold.tres,assets/runtime/ui/components/card_icons/atlas_regions/twin_mold.tres,component,card_icons,atlas_ui_component_card_icons,EXISTING_ATLAS_REGION,现有 AtlasTexture 区域资源；必须与图集原图及消费者引用原子迁移。
assets/runtime/ui/cards/atlas_regions/unity_dial.tres,assets/runtime/ui/components/card_icons/atlas_regions/unity_dial.tres,component,card_icons,atlas_ui_component_card_icons,EXISTING_ATLAS_REGION,现有 AtlasTexture 区域资源；必须与图集原图及消费者引用原子迁移。
assets/runtime/ui/cards/atlases/card_icons_sheet.png,assets/runtime/ui/components/card_icons/atlases/card_icons_sheet.png,component,card_icons,atlas_ui_component_card_icons,EXISTING_ATLAS_SHEET,现有运行图集原图；必须与全部 AtlasTexture 区域资源原子迁移。
assets/runtime/ui/cards/backs/crystal_card_back.png,assets/runtime/ui/components/card_backs/textures/crystal_card_back.png,component,card_backs,atlas_ui_component_card_backs,STANDALONE,水晶卡背为玩法组件大图，保持独立纹理。
assets/runtime/ui/cards/choice_v2/ui_badge_corner_blank_96x96_2x_v01.png,assets/runtime/ui/interfaces/crystal_card_choice/decorations/ui_badge_corner_blank_96x96_2x_v01.png,interface,crystal_card_choice,atlas_ui_interface_crystal_card_choice,PACK_CANDIDATE,按当前真实消费者归入对应界面或共用模块。
assets/runtime/ui/cards/choice_v2/ui_button_confirm_blank_464x152_2x_v01.png,assets/runtime/ui/interfaces/crystal_card_choice/buttons/ui_button_confirm_blank_464x152_2x_v01.png,interface,crystal_card_choice,atlas_ui_interface_crystal_card_choice,PACK_CANDIDATE,按当前真实消费者归入对应界面或共用模块。
assets/runtime/ui/cards/choice_v2/ui_choice_card_with_slot_blank_450x840_2x_v01.png,assets/runtime/ui/interfaces/crystal_card_choice/backplates/ui_choice_card_with_slot_blank_450x840_2x_v01.png,interface,crystal_card_choice,atlas_ui_interface_crystal_card_choice,PACK_CANDIDATE,按当前真实消费者归入对应界面或共用模块。
assets/runtime/ui/cards/choice_v2/ui_title_ribbon_blank_1070x216_2x_v01.png,assets/runtime/ui/interfaces/crystal_card_choice/decorations/ui_title_ribbon_blank_1070x216_2x_v01.png,interface,crystal_card_choice,atlas_ui_interface_crystal_card_choice,PACK_CANDIDATE,按当前真实消费者归入对应界面或共用模块。
assets/runtime/ui/cards/stars/star_active.png,assets/runtime/ui/components/rating_stars/icons/star_active.png,component,rating_stars,atlas_ui_component_rating_stars,PACK_CANDIDATE,按当前真实消费者归入对应界面或共用模块。
assets/runtime/ui/cards/stars/star_slot.png,assets/runtime/ui/components/rating_stars/icons/star_slot.png,component,rating_stars,atlas_ui_component_rating_stars,PACK_CANDIDATE,按当前真实消费者归入对应界面或共用模块。
assets/runtime/ui/common/app_icon.png,assets/runtime/ui/shared/app/icons/app_icon.png,shared,app,atlas_ui_shared_app,STANDALONE,项目配置直接引用的应用图标。
assets/runtime/ui/common/button_back.png,assets/runtime/ui/interfaces/legacy_runtime_controls/buttons/button_back.png,interface,legacy_runtime_controls,atlas_ui_interface_legacy_runtime_controls,STANDALONE,当前仅由兼容预加载路径持有，单独隔离，避免误标为全局共用。
assets/runtime/ui/common/button_close.png,assets/runtime/ui/interfaces/legacy_runtime_controls/buttons/button_close.png,interface,legacy_runtime_controls,atlas_ui_interface_legacy_runtime_controls,STANDALONE,当前仅由兼容预加载路径持有，单独隔离，避免误标为全局共用。
assets/runtime/ui/common/button_continue.png,assets/runtime/ui/interfaces/max_level_success/buttons/button_continue.png,interface,max_level_success,atlas_ui_interface_max_level_success,PACK_CANDIDATE,按当前真实消费者归入对应界面或共用模块。
assets/runtime/ui/common/button_refresh.png,assets/runtime/ui/interfaces/legacy_runtime_controls/buttons/button_refresh.png,interface,legacy_runtime_controls,atlas_ui_interface_legacy_runtime_controls,STANDALONE,当前仅由兼容预加载路径持有，单独隔离，避免误标为全局共用。
assets/runtime/ui/common/button_restart.png,assets/runtime/ui/interfaces/legacy_runtime_controls/buttons/button_restart.png,interface,legacy_runtime_controls,atlas_ui_interface_legacy_runtime_controls,STANDALONE,当前仅由兼容预加载路径持有，单独隔离，避免误标为全局共用。
assets/runtime/ui/common/button_sound.png,assets/runtime/ui/interfaces/legacy_runtime_controls/buttons/button_sound.png,interface,legacy_runtime_controls,atlas_ui_interface_legacy_runtime_controls,STANDALONE,当前仅由兼容预加载路径持有，单独隔离，避免误标为全局共用。
assets/runtime/ui/common/icon_crown.png,assets/runtime/ui/interfaces/max_level_success/icons/icon_crown.png,interface,max_level_success,atlas_ui_interface_max_level_success,PACK_CANDIDATE,按当前真实消费者归入对应界面或共用模块。
assets/runtime/ui/common/legacy_game_background.png,assets/runtime/ui/interfaces/battle/standalone/legacy_game_background.png,interface,battle,atlas_ui_interface_battle,STANDALONE,战斗界面兼容回退背景；保留 legacy 文件名以标记技术债。
assets/runtime/ui/common/legacy_new_record.png,assets/runtime/ui/interfaces/max_level_success/decorations/legacy_new_record.png,interface,max_level_success,atlas_ui_interface_max_level_success,PACK_CANDIDATE,按当前真实消费者归入对应界面或共用模块。
assets/runtime/ui/common/legacy_success_panel.png,assets/runtime/ui/interfaces/max_level_success/backplates/legacy_success_panel.png,interface,max_level_success,atlas_ui_interface_max_level_success,PACK_CANDIDATE,按当前真实消费者归入对应界面或共用模块。
assets/runtime/ui/common/popup_panel.png,assets/runtime/ui/interfaces/legacy_runtime_controls/backplates/popup_panel.png,interface,legacy_runtime_controls,atlas_ui_interface_legacy_runtime_controls,STANDALONE,当前仅由兼容预加载路径持有，单独隔离，避免误标为全局共用。
assets/runtime/ui/common/success_light.png,assets/runtime/ui/interfaces/max_level_success/decorations/success_light.png,interface,max_level_success,atlas_ui_interface_max_level_success,PACK_CANDIDATE,按当前真实消费者归入对应界面或共用模块。
assets/runtime/ui/daily_program_composition_v02/backplates/daily_button_claim_v01.png,assets/runtime/ui/interfaces/daily_program/backplates/daily_button_claim_v01.png,interface,daily_program,atlas_ui_interface_daily_program,PACK_CANDIDATE,按当前真实消费者归入对应界面或共用模块。
assets/runtime/ui/daily_program_composition_v02/backplates/daily_button_claimed_v01.png,assets/runtime/ui/interfaces/daily_program/backplates/daily_button_claimed_v01.png,interface,daily_program,atlas_ui_interface_daily_program,PACK_CANDIDATE,按当前真实消费者归入对应界面或共用模块。
assets/runtime/ui/daily_program_composition_v02/backplates/daily_button_disabled_v01.png,assets/runtime/ui/interfaces/daily_program/backplates/daily_button_disabled_v01.png,interface,daily_program,atlas_ui_interface_daily_program,PACK_CANDIDATE,按当前真实消费者归入对应界面或共用模块。
assets/runtime/ui/daily_program_composition_v02/backplates/daily_icon_slot_selected_v01.png,assets/runtime/ui/interfaces/daily_program/backplates/daily_icon_slot_selected_v01.png,interface,daily_program,atlas_ui_interface_daily_program,PACK_CANDIDATE,按当前真实消费者归入对应界面或共用模块。
assets/runtime/ui/daily_program_composition_v02/backplates/daily_icon_slot_v01.png,assets/runtime/ui/interfaces/daily_program/backplates/daily_icon_slot_v01.png,interface,daily_program,atlas_ui_interface_daily_program,PACK_CANDIDATE,按当前真实消费者归入对应界面或共用模块。
assets/runtime/ui/daily_program_composition_v02/backplates/daily_progress_fill_v01.png,assets/runtime/ui/interfaces/daily_program/backplates/daily_progress_fill_v01.png,interface,daily_program,atlas_ui_interface_daily_program,PACK_CANDIDATE,按当前真实消费者归入对应界面或共用模块。
assets/runtime/ui/daily_program_composition_v02/backplates/daily_progress_track_v01.png,assets/runtime/ui/interfaces/daily_program/backplates/daily_progress_track_v01.png,interface,daily_program,atlas_ui_interface_daily_program,PACK_CANDIDATE,按当前真实消费者归入对应界面或共用模块。
assets/runtime/ui/daily_program_composition_v02/backplates/daily_return_button_v02.png,assets/runtime/ui/interfaces/daily_program/backplates/daily_return_button_v02.png,interface,daily_program,atlas_ui_interface_daily_program,PACK_CANDIDATE,按当前真实消费者归入对应界面或共用模块。
assets/runtime/ui/daily_program_composition_v02/backplates/daily_signin_card_default_v01.png,assets/runtime/ui/interfaces/daily_program/backplates/daily_signin_card_default_v01.png,interface,daily_program,atlas_ui_interface_daily_program,PACK_CANDIDATE,按当前真实消费者归入对应界面或共用模块。
assets/runtime/ui/daily_program_composition_v02/backplates/daily_signin_card_premium_v01.png,assets/runtime/ui/interfaces/daily_program/backplates/daily_signin_card_premium_v01.png,interface,daily_program,atlas_ui_interface_daily_program,PACK_CANDIDATE,按当前真实消费者归入对应界面或共用模块。
assets/runtime/ui/daily_program_composition_v02/backplates/daily_signin_card_selected_v01.png,assets/runtime/ui/interfaces/daily_program/backplates/daily_signin_card_selected_v01.png,interface,daily_program,atlas_ui_interface_daily_program,PACK_CANDIDATE,按当前真实消费者归入对应界面或共用模块。
assets/runtime/ui/daily_program_composition_v02/backplates/daily_signin_panel_shell_fixed_v01.png,assets/runtime/ui/interfaces/daily_program/backplates/daily_signin_panel_shell_fixed_v01.png,interface,daily_program,atlas_ui_interface_daily_program,PACK_CANDIDATE,按当前真实消费者归入对应界面或共用模块。
assets/runtime/ui/daily_program_composition_v02/backplates/daily_task_panel_shell_fixed_v01.png,assets/runtime/ui/interfaces/daily_program/backplates/daily_task_panel_shell_fixed_v01.png,interface,daily_program,atlas_ui_interface_daily_program,PACK_CANDIDATE,按当前真实消费者归入对应界面或共用模块。
assets/runtime/ui/daily_program_composition_v02/backplates/daily_task_row_default_v01.png,assets/runtime/ui/interfaces/daily_program/backplates/daily_task_row_default_v01.png,interface,daily_program,atlas_ui_interface_daily_program,PACK_CANDIDATE,按当前真实消费者归入对应界面或共用模块。
assets/runtime/ui/daily_program_composition_v02/backplates/daily_task_row_selected_v01.png,assets/runtime/ui/interfaces/daily_program/backplates/daily_task_row_selected_v01.png,interface,daily_program,atlas_ui_interface_daily_program,PACK_CANDIDATE,按当前真实消费者归入对应界面或共用模块。
assets/runtime/ui/daily_program_composition_v02/backplates/daily_title_tab_v01.png,assets/runtime/ui/interfaces/daily_program/backplates/daily_title_tab_v01.png,interface,daily_program,atlas_ui_interface_daily_program,PACK_CANDIDATE,按当前真实消费者归入对应界面或共用模块。
assets/runtime/ui/daily_program_composition_v02/icons/daily_icon_activity_star_v01.png,assets/runtime/ui/interfaces/daily_program/icons/daily_icon_activity_star_v01.png,interface,daily_program,atlas_ui_interface_daily_program,PACK_CANDIDATE,按当前真实消费者归入对应界面或共用模块。
assets/runtime/ui/daily_program_composition_v02/icons/daily_icon_challenge_v01.png,assets/runtime/ui/interfaces/daily_program/icons/daily_icon_challenge_v01.png,interface,daily_program,atlas_ui_interface_daily_program,PACK_CANDIDATE,按当前真实消费者归入对应界面或共用模块。
assets/runtime/ui/daily_program_composition_v02/icons/daily_icon_chest_v01.png,assets/runtime/ui/interfaces/daily_program/icons/daily_icon_chest_v01.png,interface,daily_program,atlas_ui_interface_daily_program,PACK_CANDIDATE,按当前真实消费者归入对应界面或共用模块。
assets/runtime/ui/daily_program_composition_v02/icons/daily_icon_claimed_check_v01.png,assets/runtime/ui/interfaces/daily_program/icons/daily_icon_claimed_check_v01.png,interface,daily_program,atlas_ui_interface_daily_program,PACK_CANDIDATE,按当前真实消费者归入对应界面或共用模块。
assets/runtime/ui/daily_program_composition_v02/icons/daily_icon_coin_v01.png,assets/runtime/ui/interfaces/daily_program/icons/daily_icon_coin_v01.png,interface,daily_program,atlas_ui_interface_daily_program,PACK_CANDIDATE,按当前真实消费者归入对应界面或共用模块。
assets/runtime/ui/daily_program_composition_v02/icons/daily_icon_gem_v01.png,assets/runtime/ui/interfaces/daily_program/icons/daily_icon_gem_v01.png,interface,daily_program,atlas_ui_interface_daily_program,PACK_CANDIDATE,按当前真实消费者归入对应界面或共用模块。
assets/runtime/ui/daily_program_composition_v02/icons/daily_icon_login_v01.png,assets/runtime/ui/interfaces/daily_program/icons/daily_icon_login_v01.png,interface,daily_program,atlas_ui_interface_daily_program,PACK_CANDIDATE,按当前真实消费者归入对应界面或共用模块。
assets/runtime/ui/daily_program_composition_v02/icons/daily_icon_merge_v01.png,assets/runtime/ui/interfaces/daily_program/icons/daily_icon_merge_v01.png,interface,daily_program,atlas_ui_interface_daily_program,PACK_CANDIDATE,按当前真实消费者归入对应界面或共用模块。
assets/runtime/ui/daily_program_composition_v02/icons/daily_icon_monster_v01.png,assets/runtime/ui/interfaces/daily_program/icons/daily_icon_monster_v01.png,interface,daily_program,atlas_ui_interface_daily_program,PACK_CANDIDATE,按当前真实消费者归入对应界面或共用模块。
assets/runtime/ui/daily_program_composition_v02/icons/daily_return_arrow_v02.png,assets/runtime/ui/interfaces/daily_program/icons/daily_return_arrow_v02.png,interface,daily_program,atlas_ui_interface_daily_program,PACK_CANDIDATE,按当前真实消费者归入对应界面或共用模块。
assets/runtime/ui/screens/loading/loading_background_clean_hd_941x1672_v01.png,assets/runtime/ui/interfaces/loading/standalone/loading_background_clean_hd_941x1672_v01.png,interface,loading,atlas_ui_interface_loading,STANDALONE,全屏 Loading 背景，不进入普通 UI 图集。
assets/runtime/ui/screens/loading/ui_loading_fill_green_full_576x48_1x_v01.png,assets/runtime/ui/interfaces/loading/progress/ui_loading_fill_green_full_576x48_1x_v01.png,interface,loading,atlas_ui_interface_loading,PACK_CANDIDATE,按当前真实消费者归入对应界面或共用模块。
assets/runtime/ui/screens/loading/ui_loading_track_empty_576x48_1x_v01.png,assets/runtime/ui/interfaces/loading/progress/ui_loading_track_empty_576x48_1x_v01.png,interface,loading,atlas_ui_interface_loading,PACK_CANDIDATE,按当前真实消费者归入对应界面或共用模块。
assets/runtime/ui/screens/main_hub_v2/atlas_regions/lobby_badge_alert_v01.tres,assets/runtime/ui/shared/meta_icons/atlas_regions/lobby_badge_alert_v01.tres,shared,meta_icons,atlas_ui_shared_meta_icons,EXISTING_ATLAS_REGION,现有 AtlasTexture 区域资源；必须与图集原图及消费者引用原子迁移。
assets/runtime/ui/screens/main_hub_v2/atlas_regions/lobby_icon_ad_tv_v01.tres,assets/runtime/ui/shared/meta_icons/atlas_regions/lobby_icon_ad_tv_v01.tres,shared,meta_icons,atlas_ui_shared_meta_icons,EXISTING_ATLAS_REGION,现有 AtlasTexture 区域资源；必须与图集原图及消费者引用原子迁移。
assets/runtime/ui/screens/main_hub_v2/atlas_regions/lobby_icon_battle_crystal_v01.tres,assets/runtime/ui/shared/meta_icons/atlas_regions/lobby_icon_battle_crystal_v01.tres,shared,meta_icons,atlas_ui_shared_meta_icons,EXISTING_ATLAS_REGION,现有 AtlasTexture 区域资源；必须与图集原图及消费者引用原子迁移。
assets/runtime/ui/screens/main_hub_v2/atlas_regions/lobby_icon_currency_coin_v01.tres,assets/runtime/ui/shared/meta_icons/atlas_regions/lobby_icon_currency_coin_v01.tres,shared,meta_icons,atlas_ui_shared_meta_icons,EXISTING_ATLAS_REGION,现有 AtlasTexture 区域资源；必须与图集原图及消费者引用原子迁移。
assets/runtime/ui/screens/main_hub_v2/atlas_regions/lobby_icon_currency_diamond_v01.tres,assets/runtime/ui/shared/meta_icons/atlas_regions/lobby_icon_currency_diamond_v01.tres,shared,meta_icons,atlas_ui_shared_meta_icons,EXISTING_ATLAS_REGION,现有 AtlasTexture 区域资源；必须与图集原图及消费者引用原子迁移。
assets/runtime/ui/screens/main_hub_v2/atlas_regions/lobby_icon_double_coin_x2_v01.tres,assets/runtime/ui/shared/meta_icons/atlas_regions/lobby_icon_double_coin_x2_v01.tres,shared,meta_icons,atlas_ui_shared_meta_icons,EXISTING_ATLAS_REGION,现有 AtlasTexture 区域资源；必须与图集原图及消费者引用原子迁移。
assets/runtime/ui/screens/main_hub_v2/atlas_regions/lobby_icon_first_purchase_gift_v02.tres,assets/runtime/ui/shared/meta_icons/atlas_regions/lobby_icon_first_purchase_gift_v02.tres,shared,meta_icons,atlas_ui_shared_meta_icons,EXISTING_ATLAS_REGION,现有 AtlasTexture 区域资源；必须与图集原图及消费者引用原子迁移。
assets/runtime/ui/screens/main_hub_v2/atlas_regions/lobby_icon_locked_v01.tres,assets/runtime/ui/shared/meta_icons/atlas_regions/lobby_icon_locked_v01.tres,shared,meta_icons,atlas_ui_shared_meta_icons,EXISTING_ATLAS_REGION,现有 AtlasTexture 区域资源；必须与图集原图及消费者引用原子迁移。
assets/runtime/ui/screens/main_hub_v2/atlas_regions/lobby_icon_piggy_bank_v02.tres,assets/runtime/ui/shared/meta_icons/atlas_regions/lobby_icon_piggy_bank_v02.tres,shared,meta_icons,atlas_ui_shared_meta_icons,EXISTING_ATLAS_REGION,现有 AtlasTexture 区域资源；必须与图集原图及消费者引用原子迁移。
assets/runtime/ui/screens/main_hub_v2/atlas_regions/lobby_icon_plus_v01.tres,assets/runtime/ui/shared/meta_icons/atlas_regions/lobby_icon_plus_v01.tres,shared,meta_icons,atlas_ui_shared_meta_icons,EXISTING_ATLAS_REGION,现有 AtlasTexture 区域资源；必须与图集原图及消费者引用原子迁移。
assets/runtime/ui/screens/main_hub_v2/atlas_regions/lobby_icon_reward_star_wand_v01.tres,assets/runtime/ui/shared/meta_icons/atlas_regions/lobby_icon_reward_star_wand_v01.tres,shared,meta_icons,atlas_ui_shared_meta_icons,EXISTING_ATLAS_REGION,现有 AtlasTexture 区域资源；必须与图集原图及消费者引用原子迁移。
assets/runtime/ui/screens/main_hub_v2/atlas_regions/lobby_icon_settings_gear_v01.tres,assets/runtime/ui/shared/meta_icons/atlas_regions/lobby_icon_settings_gear_v01.tres,shared,meta_icons,atlas_ui_shared_meta_icons,EXISTING_ATLAS_REGION,现有 AtlasTexture 区域资源；必须与图集原图及消费者引用原子迁移。
assets/runtime/ui/screens/main_hub_v2/atlas_regions/lobby_icon_shop_v01.tres,assets/runtime/ui/shared/meta_icons/atlas_regions/lobby_icon_shop_v01.tres,shared,meta_icons,atlas_ui_shared_meta_icons,EXISTING_ATLAS_REGION,现有 AtlasTexture 区域资源；必须与图集原图及消费者引用原子迁移。
assets/runtime/ui/screens/main_hub_v2/atlas_regions/lobby_icon_signin_calendar_v01.tres,assets/runtime/ui/shared/meta_icons/atlas_regions/lobby_icon_signin_calendar_v01.tres,shared,meta_icons,atlas_ui_shared_meta_icons,EXISTING_ATLAS_REGION,现有 AtlasTexture 区域资源；必须与图集原图及消费者引用原子迁移。
assets/runtime/ui/screens/main_hub_v2/atlas_regions/lobby_icon_task_notebook_v01.tres,assets/runtime/ui/shared/meta_icons/atlas_regions/lobby_icon_task_notebook_v01.tres,shared,meta_icons,atlas_ui_shared_meta_icons,EXISTING_ATLAS_REGION,现有 AtlasTexture 区域资源；必须与图集原图及消费者引用原子迁移。
assets/runtime/ui/screens/main_hub_v2/atlases/lobby_icons_sheet.png,assets/runtime/ui/shared/meta_icons/atlases/lobby_icons_sheet.png,shared,meta_icons,atlas_ui_shared_meta_icons,EXISTING_ATLAS_SHEET,现有运行图集原图；必须与全部 AtlasTexture 区域资源原子迁移。
assets/runtime/ui/screens/main_hub_v2/frames_mobile/lobby_bottom_navigation_background_v01.png,assets/runtime/ui/interfaces/main_hub/backplates/lobby_bottom_navigation_background_v01.png,interface,main_hub,atlas_ui_interface_main_hub,STANDALONE,大厅移动端 NinePatch/框体资源，保持独立纹理便于局部替换。
assets/runtime/ui/screens/main_hub_v2/frames_mobile/lobby_currency_counter_panel_default_v01.png,assets/runtime/ui/interfaces/main_hub/backplates/lobby_currency_counter_panel_default_v01.png,interface,main_hub,atlas_ui_interface_main_hub,STANDALONE,大厅移动端 NinePatch/框体资源，保持独立纹理便于局部替换。
assets/runtime/ui/screens/main_hub_v2/frames_mobile/lobby_mission_panel_plain_default_v01.png,assets/runtime/ui/interfaces/main_hub/backplates/lobby_mission_panel_plain_default_v01.png,interface,main_hub,atlas_ui_interface_main_hub,STANDALONE,大厅移动端 NinePatch/框体资源，保持独立纹理便于局部替换。
assets/runtime/ui/screens/main_hub_v2/frames_mobile/lobby_mission_panel_with_reward_slot_default_v01.png,assets/runtime/ui/interfaces/main_hub/backplates/lobby_mission_panel_with_reward_slot_default_v01.png,interface,main_hub,atlas_ui_interface_main_hub,STANDALONE,大厅移动端 NinePatch/框体资源，保持独立纹理便于局部替换。
assets/runtime/ui/screens/main_hub_v2/frames_mobile/lobby_navigation_tab_selected_v01.png,assets/runtime/ui/interfaces/main_hub/backplates/lobby_navigation_tab_selected_v01.png,interface,main_hub,atlas_ui_interface_main_hub,STANDALONE,大厅移动端 NinePatch/框体资源，保持独立纹理便于局部替换。
assets/runtime/ui/screens/main_hub_v2/frames_mobile/lobby_primary_level_button_default_v01.png,assets/runtime/ui/interfaces/main_hub/backplates/lobby_primary_level_button_default_v01.png,interface,main_hub,atlas_ui_interface_main_hub,STANDALONE,大厅移动端 NinePatch/框体资源，保持独立纹理便于局部替换。
assets/runtime/ui/screens/main_hub_v2/frames_mobile/lobby_progress_fill_green_v01.png,assets/runtime/ui/interfaces/main_hub/backplates/lobby_progress_fill_green_v01.png,interface,main_hub,atlas_ui_interface_main_hub,STANDALONE,大厅移动端 NinePatch/框体资源，保持独立纹理便于局部替换。
assets/runtime/ui/screens/main_hub_v2/frames_mobile/lobby_progress_track_default_v01.png,assets/runtime/ui/interfaces/main_hub/backplates/lobby_progress_track_default_v01.png,interface,main_hub,atlas_ui_interface_main_hub,STANDALONE,大厅移动端 NinePatch/框体资源，保持独立纹理便于局部替换。
assets/runtime/ui/screens/main_hub_v2/frames_mobile/lobby_reward_slot_purple_default_v02.png,assets/runtime/ui/interfaces/main_hub/backplates/lobby_reward_slot_purple_default_v02.png,interface,main_hub,atlas_ui_interface_main_hub,STANDALONE,大厅移动端 NinePatch/框体资源，保持独立纹理便于局部替换。
assets/runtime/ui/screens/main_hub_v2/frames_mobile/lobby_settings_button_frame_default_v01.png,assets/runtime/ui/interfaces/main_hub/backplates/lobby_settings_button_frame_default_v01.png,interface,main_hub,atlas_ui_interface_main_hub,STANDALONE,大厅移动端 NinePatch/框体资源，保持独立纹理便于局部替换。
assets/runtime/ui/screens/main_hub_v2/frames_mobile/lobby_side_menu_button_frame_default_v01.png,assets/runtime/ui/interfaces/main_hub/backplates/lobby_side_menu_button_frame_default_v01.png,interface,main_hub,atlas_ui_interface_main_hub,STANDALONE,大厅移动端 NinePatch/框体资源，保持独立纹理便于局部替换。
assets/runtime/ui/screens/main_hub_v2/lobby_background_clean_v01.png,assets/runtime/ui/interfaces/main_hub/standalone/lobby_background_clean_v01.png,interface,main_hub,atlas_ui_interface_main_hub,STANDALONE,大厅大尺寸背景或主体岛屿，不进入普通 UI 图集。
assets/runtime/ui/screens/main_hub_v2/lobby_forest_island_v01.png,assets/runtime/ui/interfaces/main_hub/standalone/lobby_forest_island_v01.png,interface,main_hub,atlas_ui_interface_main_hub,STANDALONE,大厅大尺寸背景或主体岛屿，不进入普通 UI 图集。
assets/runtime/ui/screens/settlement/badge_new_record.png,assets/runtime/ui/interfaces/settlement/decorations/badge_new_record.png,interface,settlement,atlas_ui_interface_settlement,PACK_CANDIDATE,结算界面同生命周期小资源，可作为本界面图集候选。
assets/runtime/ui/screens/settlement/damage_frame.png,assets/runtime/ui/interfaces/settlement/backplates/damage_frame.png,interface,settlement,atlas_ui_interface_settlement,STANDALONE,结算面板与统计框体保持独立，避免 NinePatch 串色。
assets/runtime/ui/screens/settlement/damage_row.png,assets/runtime/ui/interfaces/settlement/backplates/damage_row.png,interface,settlement,atlas_ui_interface_settlement,STANDALONE,结算面板与统计框体保持独立，避免 NinePatch 串色。
assets/runtime/ui/screens/settlement/icon_board_damage.png,assets/runtime/ui/interfaces/settlement/icons/icon_board_damage.png,interface,settlement,atlas_ui_interface_settlement,PACK_CANDIDATE,结算界面同生命周期小资源，可作为本界面图集候选。
assets/runtime/ui/screens/settlement/icon_castle_health.png,assets/runtime/ui/interfaces/settlement/icons/icon_castle_health.png,interface,settlement,atlas_ui_interface_settlement,PACK_CANDIDATE,结算界面同生命周期小资源，可作为本界面图集候选。
assets/runtime/ui/screens/settlement/icon_crystal_damage.png,assets/runtime/ui/interfaces/settlement/icons/icon_crystal_damage.png,interface,settlement,atlas_ui_interface_settlement,PACK_CANDIDATE,结算界面同生命周期小资源，可作为本界面图集候选。
assets/runtime/ui/screens/settlement/icon_highest_number.png,assets/runtime/ui/interfaces/settlement/icons/icon_highest_number.png,interface,settlement,atlas_ui_interface_settlement,PACK_CANDIDATE,结算界面同生命周期小资源，可作为本界面图集候选。
assets/runtime/ui/screens/settlement/icon_kills.png,assets/runtime/ui/interfaces/settlement/icons/icon_kills.png,interface,settlement,atlas_ui_interface_settlement,PACK_CANDIDATE,结算界面同生命周期小资源，可作为本界面图集候选。
assets/runtime/ui/screens/settlement/icon_leaks.png,assets/runtime/ui/interfaces/settlement/icons/icon_leaks.png,interface,settlement,atlas_ui_interface_settlement,PACK_CANDIDATE,结算界面同生命周期小资源，可作为本界面图集候选。
assets/runtime/ui/screens/settlement/icon_max_merge.png,assets/runtime/ui/interfaces/settlement/icons/icon_max_merge.png,interface,settlement,atlas_ui_interface_settlement,PACK_CANDIDATE,结算界面同生命周期小资源，可作为本界面图集候选。
assets/runtime/ui/screens/settlement/icon_merges.png,assets/runtime/ui/interfaces/settlement/icons/icon_merges.png,interface,settlement,atlas_ui_interface_settlement,PACK_CANDIDATE,结算界面同生命周期小资源，可作为本界面图集候选。
assets/runtime/ui/screens/settlement/icon_skill_damage.png,assets/runtime/ui/interfaces/settlement/icons/icon_skill_damage.png,interface,settlement,atlas_ui_interface_settlement,PACK_CANDIDATE,结算界面同生命周期小资源，可作为本界面图集候选。
assets/runtime/ui/screens/settlement/main_highest_frame.png,assets/runtime/ui/interfaces/settlement/backplates/main_highest_frame.png,interface,settlement,atlas_ui_interface_settlement,STANDALONE,结算面板与统计框体保持独立，避免 NinePatch 串色。
assets/runtime/ui/screens/settlement/main_kills_frame.png,assets/runtime/ui/interfaces/settlement/backplates/main_kills_frame.png,interface,settlement,atlas_ui_interface_settlement,STANDALONE,结算面板与统计框体保持独立，避免 NinePatch 串色。
assets/runtime/ui/screens/settlement/reward_chest.png,assets/runtime/ui/interfaces/settlement/icons/reward_chest.png,interface,settlement,atlas_ui_interface_settlement,PACK_CANDIDATE,结算界面同生命周期小资源，可作为本界面图集候选。
assets/runtime/ui/screens/settlement/reward_coin.png,assets/runtime/ui/interfaces/settlement/icons/reward_coin.png,interface,settlement,atlas_ui_interface_settlement,PACK_CANDIDATE,结算界面同生命周期小资源，可作为本界面图集候选。
assets/runtime/ui/screens/settlement/reward_crystal.png,assets/runtime/ui/interfaces/settlement/icons/reward_crystal.png,interface,settlement,atlas_ui_interface_settlement,PACK_CANDIDATE,结算界面同生命周期小资源，可作为本界面图集候选。
assets/runtime/ui/screens/settlement/reward_panel.png,assets/runtime/ui/interfaces/settlement/backplates/reward_panel.png,interface,settlement,atlas_ui_interface_settlement,STANDALONE,结算面板与统计框体保持独立，避免 NinePatch 串色。
assets/runtime/ui/screens/settlement/secondary_left_frame.png,assets/runtime/ui/interfaces/settlement/backplates/secondary_left_frame.png,interface,settlement,atlas_ui_interface_settlement,STANDALONE,结算面板与统计框体保持独立，避免 NinePatch 串色。
assets/runtime/ui/screens/settlement/secondary_right_frame.png,assets/runtime/ui/interfaces/settlement/backplates/secondary_right_frame.png,interface,settlement,atlas_ui_interface_settlement,STANDALONE,结算面板与统计框体保持独立，避免 NinePatch 串色。
assets/runtime/ui/screens/settlement/settlement_panel.png,assets/runtime/ui/interfaces/settlement/backplates/settlement_panel.png,interface,settlement,atlas_ui_interface_settlement,STANDALONE,结算面板与统计框体保持独立，避免 NinePatch 串色。
assets/runtime/ui/screens/settlement/summary_frame.png,assets/runtime/ui/interfaces/settlement/backplates/summary_frame.png,interface,settlement,atlas_ui_interface_settlement,STANDALONE,结算面板与统计框体保持独立，避免 NinePatch 串色。
assets/runtime/ui/screens/settlement/tab_deck_inactive.png,assets/runtime/ui/interfaces/settlement/tabs/tab_deck_inactive.png,interface,settlement,atlas_ui_interface_settlement,PACK_CANDIDATE,结算界面同生命周期小资源，可作为本界面图集候选。
assets/runtime/ui/screens/settlement/tab_stats_active.png,assets/runtime/ui/interfaces/settlement/tabs/tab_stats_active.png,interface,settlement,atlas_ui_interface_settlement,PACK_CANDIDATE,结算界面同生命周期小资源，可作为本界面图集候选。
assets/runtime/ui/screens/settlement/title_defeat.png,assets/runtime/ui/interfaces/settlement/decorations/title_defeat.png,interface,settlement,atlas_ui_interface_settlement,PACK_CANDIDATE,结算界面同生命周期小资源，可作为本界面图集候选。
assets/runtime/ui/screens/settlement/title_victory.png,assets/runtime/ui/interfaces/settlement/decorations/title_victory.png,interface,settlement,atlas_ui_interface_settlement,PACK_CANDIDATE,结算界面同生命周期小资源，可作为本界面图集候选。
assets/runtime/ui/secondary_centered_v04/elements/common/button_blue_default.png,assets/runtime/ui/shared/buttons/states/button_blue_default.png,shared,buttons,atlas_ui_shared_buttons,PACK_CANDIDATE,按当前真实消费者归入对应界面或共用模块。
assets/runtime/ui/secondary_centered_v04/elements/common/button_blue_pressed.png,assets/runtime/ui/shared/buttons/states/button_blue_pressed.png,shared,buttons,atlas_ui_shared_buttons,PACK_CANDIDATE,按当前真实消费者归入对应界面或共用模块。
assets/runtime/ui/secondary_centered_v04/elements/common/button_gray_disabled.png,assets/runtime/ui/shared/buttons/states/button_gray_disabled.png,shared,buttons,atlas_ui_shared_buttons,PACK_CANDIDATE,按当前真实消费者归入对应界面或共用模块。
assets/runtime/ui/secondary_centered_v04/elements/common/button_yellow_default.png,assets/runtime/ui/shared/buttons/states/button_yellow_default.png,shared,buttons,atlas_ui_shared_buttons,PACK_CANDIDATE,按当前真实消费者归入对应界面或共用模块。
assets/runtime/ui/secondary_centered_v04/elements/common/button_yellow_pressed.png,assets/runtime/ui/shared/buttons/states/button_yellow_pressed.png,shared,buttons,atlas_ui_shared_buttons,PACK_CANDIDATE,按当前真实消费者归入对应界面或共用模块。
assets/runtime/ui/secondary_centered_v04/elements/common/panel_light.png,assets/runtime/ui/shared/backplates/panels/panel_light.png,shared,backplates,atlas_ui_shared_backplates,STANDALONE,多个二级界面共用的 NinePatch 基础面板。
assets/runtime/ui/secondary_centered_v04/elements/common/switch_off.png,assets/runtime/ui/interfaces/settings/controls/switch_off.png,interface,settings,atlas_ui_interface_settings,PACK_CANDIDATE,按当前真实消费者归入对应界面或共用模块。
assets/runtime/ui/secondary_centered_v04/elements/common/switch_on.png,assets/runtime/ui/interfaces/settings/controls/switch_on.png,interface,settings,atlas_ui_interface_settings,PACK_CANDIDATE,按当前真实消费者归入对应界面或共用模块。
assets/runtime/ui/secondary_centered_v04/elements/common/title_ribbon_blue.png,assets/runtime/ui/shared/decorations/titles/title_ribbon_blue.png,shared,decorations,atlas_ui_shared_decorations,PACK_CANDIDATE,按当前真实消费者归入对应界面或共用模块。
assets/runtime/ui/secondary_centered_v04/elements/icons/crystal.png,assets/runtime/ui/interfaces/shop/icons/shop_crystal.png,interface,shop,atlas_ui_interface_shop,PACK_CANDIDATE,按当前真实消费者归入对应界面或共用模块。
assets/runtime/ui/secondary_centered_v04/elements/pages/commerce/first_chest_open.png,assets/runtime/ui/interfaces/first_purchase/rewards/first_chest_open.png,interface,first_purchase,atlas_ui_interface_first_purchase,PACK_CANDIDATE,按当前真实消费者归入对应界面或共用模块。
assets/runtime/ui/secondary_centered_v04/elements/pages/commerce/reward_slot_purple.png,assets/runtime/ui/interfaces/first_purchase/decorations/reward_slot_purple.png,interface,first_purchase,atlas_ui_interface_first_purchase,PACK_CANDIDATE,按当前真实消费者归入对应界面或共用模块。
assets/runtime/ui/secondary_centered_v04/elements/pages/shop/icon_coin_bundle.png,assets/runtime/ui/interfaces/shop/icons/icon_coin_bundle.png,interface,shop,atlas_ui_interface_shop,PACK_CANDIDATE,按当前真实消费者归入对应界面或共用模块。
assets/runtime/ui/secondary_centered_v04/elements/pages/shop/icon_imprint_chest.png,assets/runtime/ui/interfaces/shop/icons/icon_imprint_chest.png,interface,shop,atlas_ui_interface_shop,PACK_CANDIDATE,按当前真实消费者归入对应界面或共用模块。
assets/runtime/ui/secondary_centered_v04/elements/pages/shop/icon_star_hammer.png,assets/runtime/ui/interfaces/shop/icons/icon_star_hammer.png,interface,shop,atlas_ui_interface_shop,PACK_CANDIDATE,按当前真实消费者归入对应界面或共用模块。
assets/runtime/ui/secondary_centered_v04/frames/ui_battle_pause_shell_v03.png,assets/runtime/ui/interfaces/battle_pause/backplates/ui_battle_pause_shell_v03.png,interface,battle_pause,atlas_ui_interface_battle_pause,STANDALONE,二级界面独占框体，保持独立纹理便于局部修改。
assets/runtime/ui/secondary_centered_v04/frames/ui_clear_data_confirm_shell_v03.png,assets/runtime/ui/shared/confirmation/backplates/ui_clear_data_confirm_shell_v03.png,shared,confirmation,atlas_ui_shared_confirmation,STANDALONE,清空数据与购买确认共用同一确认框体。
assets/runtime/ui/secondary_centered_v04/frames/ui_exit_confirm_shell_v03.png,assets/runtime/ui/interfaces/exit_confirm/backplates/ui_exit_confirm_shell_v03.png,interface,exit_confirm,atlas_ui_interface_exit_confirm,STANDALONE,二级界面独占框体，保持独立纹理便于局部修改。
assets/runtime/ui/secondary_centered_v04/frames/ui_first_purchase_gift_shell_v03.png,assets/runtime/ui/interfaces/first_purchase/backplates/ui_first_purchase_gift_shell_v03.png,interface,first_purchase,atlas_ui_interface_first_purchase,STANDALONE,二级界面独占框体，保持独立纹理便于局部修改。
assets/runtime/ui/secondary_centered_v04/frames/ui_piggy_bank_shell_v03.png,assets/runtime/ui/interfaces/piggy_bank/backplates/ui_piggy_bank_shell_v03.png,interface,piggy_bank,atlas_ui_interface_piggy_bank,STANDALONE,二级界面独占框体，保持独立纹理便于局部修改。
assets/runtime/ui/secondary_centered_v04/frames/ui_settings_shell_v03.png,assets/runtime/ui/interfaces/settings/backplates/ui_settings_shell_v03.png,interface,settings,atlas_ui_interface_settings,STANDALONE,二级界面独占框体，保持独立纹理便于局部修改。
assets/runtime/ui/secondary_centered_v04/frames/ui_shop_shell_v03.png,assets/runtime/ui/interfaces/shop/backplates/ui_shop_shell_v03.png,interface,shop,atlas_ui_interface_shop,STANDALONE,二级界面独占框体，保持独立纹理便于局部修改。
assets/runtime/资源/diban.png,assets/runtime/ui/interfaces/battle/board/standalone/battle_board_backdrop.png,interface,battle,atlas_ui_interface_battle,STANDALONE,从中文旧根目录迁入战斗界面，并改为可读的英文功能名。
assets/runtime/资源/layer_001.png,assets/runtime/ui/interfaces/battle/top_hud/buttons/battle_pause_button.png,interface,battle,atlas_ui_interface_battle,PACK_CANDIDATE,从中文旧根目录迁入战斗界面，并改为可读的英文功能名。
assets/runtime/资源/layer_002.png,assets/runtime/ui/interfaces/battle/top_hud/icons/battle_timer_clock_icon.png,interface,battle,atlas_ui_interface_battle,PACK_CANDIDATE,从中文旧根目录迁入战斗界面，并改为可读的英文功能名。
assets/runtime/资源/layer_003.png,assets/runtime/ui/interfaces/battle/top_hud/backplates/battle_wave_panel.png,interface,battle,atlas_ui_interface_battle,STANDALONE,从中文旧根目录迁入战斗界面，并改为可读的英文功能名。
assets/runtime/资源/layer_004.png,assets/runtime/ui/interfaces/battle/top_hud/backplates/battle_timer_panel.png,interface,battle,atlas_ui_interface_battle,STANDALONE,从中文旧根目录迁入战斗界面，并改为可读的英文功能名。
assets/runtime/资源/layer_005.png,assets/runtime/ui/interfaces/battle/top_hud/icons/battle_currency_icon.png,interface,battle,atlas_ui_interface_battle,PACK_CANDIDATE,从中文旧根目录迁入战斗界面，并改为可读的英文功能名。
assets/runtime/资源/layer_006.png,assets/runtime/ui/interfaces/battle/top_hud/backplates/battle_currency_panel.png,interface,battle,atlas_ui_interface_battle,STANDALONE,从中文旧根目录迁入战斗界面，并改为可读的英文功能名。
assets/runtime/资源/X-1.png,assets/runtime/ui/interfaces/battle/energy_hud/icons/skill_disabled_icon.png,interface,battle,atlas_ui_interface_battle,PACK_CANDIDATE,从中文旧根目录迁入战斗界面，并改为可读的英文功能名。
assets/runtime/资源/X-2.png,assets/runtime/ui/interfaces/battle/energy_hud/backplates/skill_panel_frame.png,interface,battle,atlas_ui_interface_battle,STANDALONE,从中文旧根目录迁入战斗界面，并改为可读的英文功能名。
assets/runtime/资源/X-3.png,assets/runtime/ui/interfaces/battle/energy_hud/icons/instant_cluster_swap.png,interface,battle,atlas_ui_interface_battle,PACK_CANDIDATE,从中文旧根目录迁入战斗界面，并改为可读的英文功能名。
assets/runtime/资源/X-4.png,assets/runtime/ui/interfaces/battle/energy_hud/icons/instant_crystal_rain.png,interface,battle,atlas_ui_interface_battle,PACK_CANDIDATE,从中文旧根目录迁入战斗界面，并改为可读的英文功能名。
assets/runtime/资源/X-5.png,assets/runtime/ui/interfaces/battle/energy_hud/icons/locked_item_slot.png,interface,battle,atlas_ui_interface_battle,PACK_CANDIDATE,从中文旧根目录迁入战斗界面，并改为可读的英文功能名。
